ID,Path,Roots
eqn_0000,quadratic/eqn_0000,"-0.6277, -6.3723"
eqn_0001,quadratic/eqn_0001,"3.1007, -1.634"
eqn_0002,quadratic/eqn_0002,"-1.1356, -1.6144"
eqn_0003,quadratic/eqn_0003,"1.7404, -1.0261"
eqn_0004,quadratic/eqn_0004,"0.5, -3.0"
eqn_0005,quadratic/eqn_0005,"0.458, -5.458"
eqn_0006,quadratic/eqn_0006,"1.6861, -1.1861"
eqn_0007,quadratic/eqn_0007,"-0.3975, -5.031"
eqn_0008,quadratic/eqn_0008,"-0.2745, -5.7255"
eqn_0009,quadratic/eqn_0009,"-1.0, 5.0"
eqn_0010,quadratic/eqn_0010,"1.3028, -2.3028"
eqn_0011,quadratic/eqn_0011,"-1.0, -6.0"
eqn_0012,quadratic/eqn_0012,"-0.9233, -27.0767"
eqn_0013,quadratic/eqn_0013,"-3.0, -16.0"
eqn_0014,quadratic/eqn_0014,"2.1738, -1.2363"
eqn_0015,quadratic/eqn_0015,"-1.0, -9.0"
eqn_0016,quadratic/eqn_0016,"0.6409, -3.6409"
eqn_0017,quadratic/eqn_0017,"2.6478, -1.2589"
eqn_0018,quadratic/eqn_0018,"0.1268, -1.1268"
eqn_0019,quadratic/eqn_0019,"2.3192, -1.7928"
eqn_0020,quadratic/eqn_0020,"1.4755, -2.5755"
eqn_0021,quadratic/eqn_0021,"-1.0, -7.0"
eqn_0022,quadratic/eqn_0022,"-0.3685, -6.2029"
eqn_0023,quadratic/eqn_0023,"-16.0, -28.0"
eqn_0024,quadratic/eqn_0024,"-0.4172, -2.2256"
eqn_0025,quadratic/eqn_0025,"0.6404, -0.3904"
eqn_0026,quadratic/eqn_0026,"-0.0882, -1.5118"
eqn_0027,quadratic/eqn_0027,"0.9136, -1.3136"
eqn_0028,quadratic/eqn_0028,"-1.5941, -8.4059"
eqn_0029,quadratic/eqn_0029,"-0.1172, -2.1328"
eqn_0030,quadratic/eqn_0030,"0.8284, -4.8284"
eqn_0031,quadratic/eqn_0031,"0.1135, -3.2044"
eqn_0032,quadratic/eqn_0032,"1.6413, -0.6413"
eqn_0033,quadratic/eqn_0033,"-0.0154, -12.9846"
eqn_0034,quadratic/eqn_0034,"-9.0, 25.0"
eqn_0035,quadratic/eqn_0035,"0.1583, -3.1583"
eqn_0036,quadratic/eqn_0036,"-13.0, -27.0"
eqn_0037,quadratic/eqn_0037,"17.0, 25.0"
eqn_0038,quadratic/eqn_0038,"1.0, -0.5"
eqn_0039,quadratic/eqn_0039,"1.6502, -2.3835"
eqn_0040,quadratic/eqn_0040,"-1.8182, -3.0"
eqn_0041,quadratic/eqn_0041,"0.911, -2.7443"
eqn_0042,quadratic/eqn_0042,"-9.0, -32.0"
eqn_0043,quadratic/eqn_0043,"2.2395, -1.8548"
eqn_0044,quadratic/eqn_0044,"0.95, -2.1606"
eqn_0045,quadratic/eqn_0045,"-0.805, -18.945"
eqn_0046,quadratic/eqn_0046,"-0.3714, -7.6286"
eqn_0047,quadratic/eqn_0047,"-9.0, 7.0"
eqn_0048,quadratic/eqn_0048,"0.3062, -1.3062"
eqn_0049,quadratic/eqn_0049,"1.9624, -0.6624"
eqn_0050,quadratic/eqn_0050,"-0.2, -0.75"
eqn_0051,quadratic/eqn_0051,"3.1085, -1.6085"
eqn_0052,quadratic/eqn_0052,"1.9009, -3.0437"
eqn_0053,quadratic/eqn_0053,"-0.5217, -5.8783"
eqn_0054,quadratic/eqn_0054,"-1.8608, -7.3892"
eqn_0055,quadratic/eqn_0055,"1.1328, -0.8828"
eqn_0056,quadratic/eqn_0056,"3.2517, -2.1088"
eqn_0057,quadratic/eqn_0057,"0.9734, -1.2087"
eqn_0058,quadratic/eqn_0058,"-0.5, -1.5"
eqn_0059,quadratic/eqn_0059,"-0.6041, -3.8626"
eqn_0060,quadratic/eqn_0060,"2.0195, -1.4195"
eqn_0061,quadratic/eqn_0061,"0.0, -6.0"
eqn_0062,quadratic/eqn_0062,"0.7071, -0.7071"
eqn_0063,quadratic/eqn_0063,"2.8194, -1.1527"
eqn_0064,quadratic/eqn_0064,"1.393, -2.393"
eqn_0065,quadratic/eqn_0065,"-3.0, -14.0"
eqn_0066,quadratic/eqn_0066,"0.3288, -0.9604"
eqn_0067,quadratic/eqn_0067,"2.0, -2.25"
eqn_0068,quadratic/eqn_0068,"-2.0, -17.0"
eqn_0069,quadratic/eqn_0069,"23.0, -19.0"
eqn_0070,quadratic/eqn_0070,"0.0, -1.0"
eqn_0071,quadratic/eqn_0071,"-15.0, -7.0"
eqn_0072,quadratic/eqn_0072,"2.0561, -0.9727"
eqn_0073,quadratic/eqn_0073,"17.0, 6.0"
eqn_0074,quadratic/eqn_0074,"24.0, -6.0"
eqn_0075,quadratic/eqn_0075,"0.5, 0.0"
eqn_0076,quadratic/eqn_0076,"0.2808, -1.7808"
eqn_0077,quadratic/eqn_0077,"3.0, -12.0"
eqn_0078,quadratic/eqn_0078,"2.2261, -3.2261"
eqn_0079,quadratic/eqn_0079,"0.7656, -3.2656"
eqn_0080,quadratic/eqn_0080,"-15.0, 7.0"
eqn_0081,quadratic/eqn_0081,"0.8944, -0.8944"
eqn_0082,quadratic/eqn_0082,"-13.0, 16.0"
eqn_0083,quadratic/eqn_0083,"2.4775, -2.0657"
eqn_0084,quadratic/eqn_0084,"0.1708, -1.1708"
eqn_0085,quadratic/eqn_0085,"0.3508, -2.8508"
eqn_0086,quadratic/eqn_0086,"-8.0, 18.0"
eqn_0087,quadratic/eqn_0087,"-0.8161, -28.1839"
eqn_0088,quadratic/eqn_0088,"-14.0, -32.0"
eqn_0089,quadratic/eqn_0089,"-1.1947, -12.5553"
eqn_0090,quadratic/eqn_0090,"1.6079, -2.2079"
eqn_0091,quadratic/eqn_0091,"-0.4417, -1.3583"
eqn_0092,quadratic/eqn_0092,"-1.0218, -12.4782"
eqn_0093,quadratic/eqn_0093,"0.9719, -1.3719"
eqn_0094,quadratic/eqn_0094,"0.4365, -3.4365"
eqn_0095,quadratic/eqn_0095,"-0.1803, -4.9308"
eqn_0096,quadratic/eqn_0096,"1.0, 0.5"
eqn_0097,quadratic/eqn_0097,"-10.0, -35.0"
eqn_0098,quadratic/eqn_0098,"-2.0, -32.0"
eqn_0099,quadratic/eqn_0099,"1.7656, -2.2656"
eqn_0100,quadratic/eqn_0100,"-0.3229, -9.6771"
eqn_0101,quadratic/eqn_0101,"0.8284, -4.8284"
eqn_0102,quadratic/eqn_0102,"-0.2951, -29.3716"
eqn_0103,quadratic/eqn_0103,"-0.1963, -5.6037"
eqn_0104,quadratic/eqn_0104,"-0.8615, -5.5135"
eqn_0105,quadratic/eqn_0105,"0.9266, -1.7266"
eqn_0106,quadratic/eqn_0106,"1.5565, -1.1565"
eqn_0107,quadratic/eqn_0107,"2.0774, -2.0774"
eqn_0108,quadratic/eqn_0108,"23.0, -9.0"
eqn_0109,quadratic/eqn_0109,"-1.0347, -6.7653"
eqn_0110,quadratic/eqn_0110,"1.3149, -0.8149"
eqn_0111,quadratic/eqn_0111,"1.0546, -2.0546"
eqn_0112,quadratic/eqn_0112,"-0.5908, -4.9477"
eqn_0113,quadratic/eqn_0113,"-16.0, 10.0"
eqn_0114,quadratic/eqn_0114,"-5.0, -10.0"
eqn_0115,quadratic/eqn_0115,"-9.0, -21.0"
eqn_0116,quadratic/eqn_0116,"2.9128, -1.9128"
eqn_0117,quadratic/eqn_0117,"-1.0, -29.0"
eqn_0118,quadratic/eqn_0118,"-0.1248, -5.8752"
eqn_0119,quadratic/eqn_0119,"3.0, -34.0"
eqn_0120,quadratic/eqn_0120,"0.0433, -10.2655"
eqn_0121,quadratic/eqn_0121,"0.4142, -2.4142"
eqn_0122,quadratic/eqn_0122,"0.0654, -7.6487"
eqn_0123,quadratic/eqn_0123,"24.0, -7.0"
eqn_0124,quadratic/eqn_0124,"1.8677, -1.1835"
eqn_0125,quadratic/eqn_0125,"-0.7804, -5.553"
eqn_0126,quadratic/eqn_0126,"2.0375, -3.3375"
eqn_0127,quadratic/eqn_0127,"2.9163, -1.4788"
eqn_0128,quadratic/eqn_0128,"-0.1456, -4.1211"
eqn_0129,quadratic/eqn_0129,"-0.3681, -7.1319"
eqn_0130,quadratic/eqn_0130,"0.0, -0.25"
eqn_0131,quadratic/eqn_0131,"1.9431, -3.8598"
eqn_0132,quadratic/eqn_0132,"0.9207, -1.5207"
eqn_0133,quadratic/eqn_0133,"2.4818, -2.7895"
eqn_0134,quadratic/eqn_0134,"2.1921, -1.4699"
eqn_0135,quadratic/eqn_0135,"1.7833, -3.8742"
eqn_0136,quadratic/eqn_0136,"1.8284, -3.8284"
eqn_0137,quadratic/eqn_0137,"1.5907, -1.2573"
eqn_0138,quadratic/eqn_0138,"-0.3745, -4.7684"
eqn_0139,quadratic/eqn_0139,"-0.1603, -10.6969"
eqn_0140,quadratic/eqn_0140,"0.7122, -4.2122"
eqn_0141,quadratic/eqn_0141,"-0.4887, -6.5113"
eqn_0142,quadratic/eqn_0142,"-1.2087, -5.7913"
eqn_0143,quadratic/eqn_0143,"-0.3454, -5.5831"
eqn_0144,quadratic/eqn_0144,"0.432, -1.5431"
eqn_0145,quadratic/eqn_0145,"7.0, -18.0"
eqn_0146,quadratic/eqn_0146,"0.5414, -5.5414"
eqn_0147,quadratic/eqn_0147,"3.3825, -1.6682"
eqn_0148,quadratic/eqn_0148,"-4.0, -14.0"
eqn_0149,quadratic/eqn_0149,"17.0, -23.0"
eqn_0150,quadratic/eqn_0150,"20.0, 4.0"
eqn_0151,quadratic/eqn_0151,"0.7033, -2.3699"
eqn_0152,quadratic/eqn_0152,"0.57, -3.07"
eqn_0153,quadratic/eqn_0153,"-0.2324, -1.4343"
eqn_0154,quadratic/eqn_0154,"-0.0902, -6.3384"
eqn_0155,quadratic/eqn_0155,"0.277, -3.6103"
eqn_0156,quadratic/eqn_0156,"0.8757, -0.609"
eqn_0157,quadratic/eqn_0157,"11.0, -13.0"
eqn_0158,quadratic/eqn_0158,"0.4495, -4.4495"
eqn_0159,quadratic/eqn_0159,"-0.6603, -2.8397"
eqn_0160,quadratic/eqn_0160,"0.9506, -2.6778"
eqn_0161,quadratic/eqn_0161,"2.1154, -1.4654"
eqn_0162,quadratic/eqn_0162,"-0.0772, -2.5894"
eqn_0163,quadratic/eqn_0163,"-12.0, 23.0"
eqn_0164,quadratic/eqn_0164,"0.4718, -1.2718"
eqn_0165,quadratic/eqn_0165,"-0.3785, -13.8715"
eqn_0166,quadratic/eqn_0166,"1.8324, -2.2609"
eqn_0167,quadratic/eqn_0167,"-0.7729, -8.3382"
eqn_0168,quadratic/eqn_0168,"0.0109, -23.0109"
eqn_0169,quadratic/eqn_0169,"-2.1587, -7.0413"
eqn_0170,quadratic/eqn_0170,"2.8495, -2.3162"
eqn_0171,quadratic/eqn_0171,"18.0, -8.0"
eqn_0172,quadratic/eqn_0172,"2.0, -1.6667"
eqn_0173,quadratic/eqn_0173,"1.5, -1.0"
eqn_0174,quadratic/eqn_0174,"2.529, -1.5816"
eqn_0175,quadratic/eqn_0175,"0.4716, -0.7573"
eqn_0176,quadratic/eqn_0176,"1.7657, -1.699"
eqn_0177,quadratic/eqn_0177,"1.8787, -1.0366"
eqn_0178,quadratic/eqn_0178,"-0.4411, -18.8922"
eqn_0179,quadratic/eqn_0179,"-9.0, -16.0"
eqn_0180,quadratic/eqn_0180,"0.7787, -5.7787"
eqn_0181,quadratic/eqn_0181,"0.1594, -0.7844"
eqn_0182,quadratic/eqn_0182,"-2.3179, -5.9321"
eqn_0183,quadratic/eqn_0183,"2.4586, -1.2711"
eqn_0184,quadratic/eqn_0184,"6.0, -35.0"
eqn_0185,quadratic/eqn_0185,"1.9501, -1.5384"
eqn_0186,quadratic/eqn_0186,"8.0, -11.0"
eqn_0187,quadratic/eqn_0187,"-0.2704, -7.3963"
eqn_0188,quadratic/eqn_0188,"-0.9098, -12.0902"
eqn_0189,quadratic/eqn_0189,"-16.0, -14.0"
eqn_0190,quadratic/eqn_0190,"-10.0, -21.0"
eqn_0191,quadratic/eqn_0191,"7.0, -20.0"
eqn_0192,quadratic/eqn_0192,"-0.7309, -10.5548"
eqn_0193,quadratic/eqn_0193,"-0.0919, -8.4637"
eqn_0194,quadratic/eqn_0194,"-0.3431, -11.6569"
eqn_0195,quadratic/eqn_0195,"2.1274, -3.4351"
eqn_0196,quadratic/eqn_0196,"1.2429, -2.5286"
eqn_0197,quadratic/eqn_0197,"2.0494, -2.0494"
eqn_0198,quadratic/eqn_0198,"0.6784, -1.5608"
eqn_0199,quadratic/eqn_0199,"2.0735, -2.8592"
eqn_0200,quadratic/eqn_0200,"-0.2128, -7.9872"
eqn_0201,quadratic/eqn_0201,"-1.0, -8.0"
eqn_0202,quadratic/eqn_0202,"0.4142, -2.4142"
eqn_0203,quadratic/eqn_0203,"1.2749, -6.2749"
eqn_0204,quadratic/eqn_0204,"-1.3512, -2.2202"
eqn_0205,quadratic/eqn_0205,"-0.5193, -6.0521"
eqn_0206,quadratic/eqn_0206,"21.0, -2.0"
eqn_0207,quadratic/eqn_0207,"0.2, -1.0"
eqn_0208,quadratic/eqn_0208,"5.0, 15.0"
eqn_0209,quadratic/eqn_0209,"0.0, -3.0"
eqn_0210,quadratic/eqn_0210,"-0.7867, -5.2967"
eqn_0211,quadratic/eqn_0211,"2.9168, -1.3714"
eqn_0212,quadratic/eqn_0212,"-0.2162, -15.0338"
eqn_0213,quadratic/eqn_0213,"-0.173, -15.027"
eqn_0214,quadratic/eqn_0214,"-2.0, -33.0"
eqn_0215,quadratic/eqn_0215,"-0.1156, -2.8844"
eqn_0216,quadratic/eqn_0216,"-0.2582, -23.2418"
eqn_0217,quadratic/eqn_0217,"-0.063, -0.8814"
eqn_0218,quadratic/eqn_0218,"5.0, -28.0"
eqn_0219,quadratic/eqn_0219,"2.4024, -1.8524"
eqn_0220,quadratic/eqn_0220,"-0.5505, -5.4495"
eqn_0221,quadratic/eqn_0221,"0.75, -3.0"
eqn_0222,quadratic/eqn_0222,"-0.8496, -7.6504"
eqn_0223,quadratic/eqn_0223,"-0.0363, -9.1859"
eqn_0224,quadratic/eqn_0224,"1.3894, -1.8894"
eqn_0225,quadratic/eqn_0225,"3.1891, -1.8814"
eqn_0226,quadratic/eqn_0226,"-0.0261, -8.5295"
eqn_0227,quadratic/eqn_0227,"3.0, -1.0"
eqn_0228,quadratic/eqn_0228,"12.0, -35.0"
eqn_0229,quadratic/eqn_0229,"1.821, -2.6543"
eqn_0230,quadratic/eqn_0230,"-8.0, 19.0"
eqn_0231,quadratic/eqn_0231,"1.9501, -1.5384"
eqn_0232,quadratic/eqn_0232,"24.0, -4.0"
eqn_0233,quadratic/eqn_0233,"11.0, -14.0"
eqn_0234,quadratic/eqn_0234,"1.3395, -0.5501"
eqn_0235,quadratic/eqn_0235,"-1.0, -16.0"
eqn_0236,quadratic/eqn_0236,"2.4142, -0.4142"
eqn_0237,quadratic/eqn_0237,"1.9593, -0.4593"
eqn_0238,quadratic/eqn_0238,"15.0, -17.0"
eqn_0239,quadratic/eqn_0239,"2.1516, -0.5363"
eqn_0240,quadratic/eqn_0240,"2.3971, -2.1971"
eqn_0241,quadratic/eqn_0241,"-0.3944, -7.6056"
eqn_0242,quadratic/eqn_0242,"0.0, -1.25"
eqn_0243,quadratic/eqn_0243,"-0.4914, -17.9086"
eqn_0244,quadratic/eqn_0244,"12.0, 21.0"
eqn_0245,quadratic/eqn_0245,"0.9274, -3.5941"
eqn_0246,quadratic/eqn_0246,"3.0833, -2.0"
eqn_0247,quadratic/eqn_0247,"-1.0729, -4.4271"
eqn_0248,quadratic/eqn_0248,"0.0, -1.75"
eqn_0249,quadratic/eqn_0249,"22.0, -12.0"
eqn_0250,quadratic/eqn_0250,"-1.7404, -6.4025"
eqn_0251,quadratic/eqn_0251,"-7.0, 25.0"
eqn_0252,quadratic/eqn_0252,"-0.6527, -16.5473"
eqn_0253,quadratic/eqn_0253,"0.7247, -1.7247"
eqn_0254,quadratic/eqn_0254,"1.1213, -3.1213"
eqn_0255,quadratic/eqn_0255,"-0.3017, -17.8983"
eqn_0256,quadratic/eqn_0256,"20.0, -13.0"
eqn_0257,quadratic/eqn_0257,"0.0551, -6.0551"
eqn_0258,quadratic/eqn_0258,"1.8679, -3.5042"
eqn_0259,quadratic/eqn_0259,"1.0, 18.0"
eqn_0260,quadratic/eqn_0260,"2.6049, -2.6049"
eqn_0261,quadratic/eqn_0261,"1.0, 0.0"
eqn_0262,quadratic/eqn_0262,"13.0, -15.0"
eqn_0263,quadratic/eqn_0263,"1.0203, -1.7425"
eqn_0264,quadratic/eqn_0264,"0.0915, -5.4665"
eqn_0265,quadratic/eqn_0265,"9.0, 24.0"
eqn_0266,quadratic/eqn_0266,"0.1148, -6.5315"
eqn_0267,quadratic/eqn_0267,"9.0, -12.0"
eqn_0268,quadratic/eqn_0268,"0.0, -10.2222"
eqn_0269,quadratic/eqn_0269,"1.5263, -2.0"
eqn_0270,quadratic/eqn_0270,"0.7808, -1.2808"
eqn_0271,quadratic/eqn_0271,"-0.9557, -16.0443"
eqn_0272,quadratic/eqn_0272,"0.6569, -10.6569"
eqn_0273,quadratic/eqn_0273,"3.4215, -2.3382"
eqn_0274,quadratic/eqn_0274,"21.0, -20.0"
eqn_0275,quadratic/eqn_0275,"2.3175, -0.863"
eqn_0276,quadratic/eqn_0276,"-0.0877, -5.1851"
eqn_0277,quadratic/eqn_0277,"-0.6492, -3.8508"
eqn_0278,quadratic/eqn_0278,"-5.0, -12.0"
eqn_0279,quadratic/eqn_0279,"2.5086, -1.6515"
eqn_0280,quadratic/eqn_0280,"-0.0605, -2.0645"
eqn_0281,quadratic/eqn_0281,"8.0, -34.0"
eqn_0282,quadratic/eqn_0282,"-0.6126, -2.7208"
eqn_0283,quadratic/eqn_0283,"1.2078, -2.2078"
eqn_0284,quadratic/eqn_0284,"20.0, -25.0"
eqn_0285,quadratic/eqn_0285,"-0.3537, -9.8963"
eqn_0286,quadratic/eqn_0286,"0.8989, 0.1011"
eqn_0287,quadratic/eqn_0287,"-16.0, -24.0"
eqn_0288,quadratic/eqn_0288,"0.0, -1.25"
eqn_0289,quadratic/eqn_0289,"-1.0, -6.0"
eqn_0290,quadratic/eqn_0290,"-1.0, -7.1818"
eqn_0291,quadratic/eqn_0291,"0.8967, -0.5283"
eqn_0292,quadratic/eqn_0292,"8.0, -20.0"
eqn_0293,quadratic/eqn_0293,"1.0, 2.0"
eqn_0294,quadratic/eqn_0294,"4.0558, -1.9725"
eqn_0295,quadratic/eqn_0295,"9.0, -15.0"
eqn_0296,quadratic/eqn_0296,"1.0757, 0.1743"
eqn_0297,quadratic/eqn_0297,"-0.7574, -9.2426"
eqn_0298,quadratic/eqn_0298,"23.0, 15.0"
eqn_0299,quadratic/eqn_0299,"21.0, 5.0"
eqn_0300,quadratic/eqn_0300,"1.6559, -0.9059"
eqn_0301,quadratic/eqn_0301,"1.8284, -2.0784"
eqn_0302,quadratic/eqn_0302,"1.0517, -2.0517"
eqn_0303,quadratic/eqn_0303,"1.8197, -2.9308"
eqn_0304,quadratic/eqn_0304,"-0.7263, -17.0737"
eqn_0305,quadratic/eqn_0305,"-0.0522, -2.9478"
eqn_0306,quadratic/eqn_0306,"0.7749, -3.4415"
eqn_0307,quadratic/eqn_0307,"0.1213, -4.1213"
eqn_0308,quadratic/eqn_0308,"0.8155, -3.0655"
eqn_0309,quadratic/eqn_0309,"-15.0, 1.0"
eqn_0310,quadratic/eqn_0310,"0.3028, -3.3028"
eqn_0311,quadratic/eqn_0311,"-1.2908, -4.8203"
eqn_0312,quadratic/eqn_0312,"-13.0, 4.0"
eqn_0313,quadratic/eqn_0313,"2.4053, -2.6053"
eqn_0314,quadratic/eqn_0314,"-1.3876, -2.6124"
eqn_0315,quadratic/eqn_0315,"-0.1914, -4.8752"
eqn_0316,quadratic/eqn_0316,"3.0, -1.0"
eqn_0317,quadratic/eqn_0317,"-0.2832, -5.6502"
eqn_0318,quadratic/eqn_0318,"2.9414, -2.2491"
eqn_0319,quadratic/eqn_0319,"-2.7192, -4.7808"
eqn_0320,quadratic/eqn_0320,"-0.7525, -9.0808"
eqn_0321,quadratic/eqn_0321,"-0.691, -1.809"
eqn_0322,quadratic/eqn_0322,"-9.0, -4.0"
eqn_0323,quadratic/eqn_0323,"-13.0, -17.0"
eqn_0324,quadratic/eqn_0324,"2.0, 12.0"
eqn_0325,quadratic/eqn_0325,"1.7737, -3.5237"
eqn_0326,quadratic/eqn_0326,"1.9105, -4.0923"
eqn_0327,quadratic/eqn_0327,"2.9568, -2.3414"
eqn_0328,quadratic/eqn_0328,"1.8089, -2.7089"
eqn_0329,quadratic/eqn_0329,"8.0, -17.0"
eqn_0330,quadratic/eqn_0330,"1.1324, -3.5324"
eqn_0331,quadratic/eqn_0331,"2.618, 0.382"
eqn_0332,quadratic/eqn_0332,"2.4149, -1.6149"
eqn_0333,quadratic/eqn_0333,"2.3175, -0.863"
eqn_0334,quadratic/eqn_0334,"1.7804, -2.7804"
eqn_0335,quadratic/eqn_0335,"2.5346, -1.1179"
eqn_0336,quadratic/eqn_0336,"2.506, -1.656"
eqn_0337,quadratic/eqn_0337,"0.6409, -3.6409"
eqn_0338,quadratic/eqn_0338,"-1.25, -4.0"
eqn_0339,quadratic/eqn_0339,"-0.6096, -1.6404"
eqn_0340,quadratic/eqn_0340,"4.0, -36.0"
eqn_0341,quadratic/eqn_0341,"22.0, -28.0"
eqn_0342,quadratic/eqn_0342,"1.0615, -2.7538"
eqn_0343,quadratic/eqn_0343,"2.3923, -2.1423"
eqn_0344,quadratic/eqn_0344,"4.1183, -1.9183"
eqn_0345,quadratic/eqn_0345,"1.5352, -0.8685"
eqn_0346,quadratic/eqn_0346,"-10.0, -6.0"
eqn_0347,quadratic/eqn_0347,"0.2483, -7.2483"
eqn_0348,quadratic/eqn_0348,"19.0, 24.0"
eqn_0349,quadratic/eqn_0349,"-0.4941, -21.7559"
eqn_0350,quadratic/eqn_0350,"2.2376, -2.8091"
eqn_0351,quadratic/eqn_0351,"1.0, 8.0"
eqn_0352,quadratic/eqn_0352,"0.3689, -2.1689"
eqn_0353,quadratic/eqn_0353,"11.0, -29.0"
eqn_0354,quadratic/eqn_0354,"1.9574, -3.8741"
eqn_0355,quadratic/eqn_0355,"-0.965, -12.435"
eqn_0356,quadratic/eqn_0356,"-9.0, -36.0"
eqn_0357,quadratic/eqn_0357,"2.0, -4.0"
eqn_0358,quadratic/eqn_0358,"0.6794, -3.6794"
eqn_0359,quadratic/eqn_0359,"-2.0, -23.0"
eqn_0360,quadratic/eqn_0360,"17.0, -33.0"
eqn_0361,quadratic/eqn_0361,"-0.0218, -22.9782"
eqn_0362,quadratic/eqn_0362,"-0.0594, -5.6072"
eqn_0363,quadratic/eqn_0363,"1.3177, -1.5177"
eqn_0364,quadratic/eqn_0364,"0.7295, -1.542"
eqn_0365,quadratic/eqn_0365,"2.9342, -1.7467"
eqn_0366,quadratic/eqn_0366,"1.1307, -0.5307"
eqn_0367,quadratic/eqn_0367,"-4.0, 25.0"
eqn_0368,quadratic/eqn_0368,"1.633, -1.633"
eqn_0369,quadratic/eqn_0369,"-1.768, -3.9593"
eqn_0370,quadratic/eqn_0370,"-12.0, 5.0"
eqn_0371,quadratic/eqn_0371,"1.8257, -1.8257"
eqn_0372,quadratic/eqn_0372,"0.737, -4.0704"
eqn_0373,quadratic/eqn_0373,"2.4609, -2.7336"
eqn_0374,quadratic/eqn_0374,"-1.4605, -7.8252"
eqn_0375,quadratic/eqn_0375,"0.859, -0.9701"
eqn_0376,quadratic/eqn_0376,"2.4956, -1.8802"
eqn_0377,quadratic/eqn_0377,"-0.051, -19.6157"
eqn_0378,quadratic/eqn_0378,"1.2857, 0.0"
eqn_0379,quadratic/eqn_0379,"0.4, -1.0"
eqn_0380,quadratic/eqn_0380,"16.0, -23.0"
eqn_0381,quadratic/eqn_0381,"0.1926, -5.1926"
eqn_0382,quadratic/eqn_0382,"15.0, -30.0"
eqn_0383,quadratic/eqn_0383,"1.693, -0.443"
eqn_0384,quadratic/eqn_0384,"-0.7192, -2.7808"
eqn_0385,quadratic/eqn_0385,"0.6523, -0.438"
eqn_0386,quadratic/eqn_0386,"0.3956, -1.8956"
eqn_0387,quadratic/eqn_0387,"-7.0, -31.0"
eqn_0388,quadratic/eqn_0388,"-0.1856, -8.9811"
eqn_0389,quadratic/eqn_0389,"5.0, 23.0"
eqn_0390,quadratic/eqn_0390,"-1.1794, -8.9635"
eqn_0391,quadratic/eqn_0391,"0.9212, -2.1712"
eqn_0392,quadratic/eqn_0392,"2.5616, -1.5616"
eqn_0393,quadratic/eqn_0393,"-8.0, 10.0"
eqn_0394,quadratic/eqn_0394,"0.873, -6.873"
eqn_0395,quadratic/eqn_0395,"-11.0, -27.0"
eqn_0396,quadratic/eqn_0396,"-7.0, -1.0"
eqn_0397,quadratic/eqn_0397,"-1.7064, -9.4936"
eqn_0398,quadratic/eqn_0398,"1.5566, -2.9202"
eqn_0399,quadratic/eqn_0399,"-0.9536, -5.9695"
eqn_0400,quadratic/eqn_0400,"-1.822, -10.428"
eqn_0401,quadratic/eqn_0401,"-10.0, 24.0"
eqn_0402,quadratic/eqn_0402,"0.7212, -0.6303"
eqn_0403,quadratic/eqn_0403,"24.0, 7.0"
eqn_0404,quadratic/eqn_0404,"1.564, -2.8418"
eqn_0405,quadratic/eqn_0405,"-0.7574, -9.2426"
eqn_0406,quadratic/eqn_0406,"3.0, -6.0"
eqn_0407,quadratic/eqn_0407,"2.1213, -2.1213"
eqn_0408,quadratic/eqn_0408,"2.6375, -1.1375"
eqn_0409,quadratic/eqn_0409,"2.5414, -3.5414"
eqn_0410,quadratic/eqn_0410,"-0.771, -3.729"
eqn_0411,quadratic/eqn_0411,"22.0, -7.0"
eqn_0412,quadratic/eqn_0412,"0.4772, -10.4772"
eqn_0413,quadratic/eqn_0413,"0.7333, 0.0"
eqn_0414,quadratic/eqn_0414,"1.4635, -0.2135"
eqn_0415,quadratic/eqn_0415,"1.9401, -1.3401"
eqn_0416,quadratic/eqn_0416,"-2.0, -2.5"
eqn_0417,quadratic/eqn_0417,"3.8538, -2.2174"
eqn_0418,quadratic/eqn_0418,"-0.3676, -4.2753"
eqn_0419,quadratic/eqn_0419,"1.2425, -1.8215"
eqn_0420,quadratic/eqn_0420,"-1.0935, -8.1287"
eqn_0421,quadratic/eqn_0421,"-0.2826, -5.5299"
eqn_0422,quadratic/eqn_0422,"22.0, 4.0"
eqn_0423,quadratic/eqn_0423,"-0.8731, -4.9394"
eqn_0424,quadratic/eqn_0424,"-0.2855, -16.1145"
eqn_0425,quadratic/eqn_0425,"0.737, -4.0704"
eqn_0426,quadratic/eqn_0426,"1.1989, -2.1989"
eqn_0427,quadratic/eqn_0427,"0.4772, -10.4772"
eqn_0428,quadratic/eqn_0428,"2.5486, -2.6396"
eqn_0429,quadratic/eqn_0429,"-0.671, -7.079"
eqn_0430,quadratic/eqn_0430,"1.8849, -3.3464"
eqn_0431,quadratic/eqn_0431,"-0.4498, -6.193"
eqn_0432,quadratic/eqn_0432,"1.3274, -0.5274"
eqn_0433,quadratic/eqn_0433,"-0.0504, -5.9496"
eqn_0434,quadratic/eqn_0434,"0.0962, -15.5962"
eqn_0435,quadratic/eqn_0435,"2.1893, -1.5226"
eqn_0436,quadratic/eqn_0436,"-1.0, -2.3333"
eqn_0437,quadratic/eqn_0437,"-1.0841, -3.2284"
eqn_0438,quadratic/eqn_0438,"-1.0245, -7.8089"
eqn_0439,quadratic/eqn_0439,"1.103, -2.2363"
eqn_0440,quadratic/eqn_0440,"21.0, -12.0"
eqn_0441,quadratic/eqn_0441,"11.0, -7.0"
eqn_0442,quadratic/eqn_0442,"0.8375, -1.393"
eqn_0443,quadratic/eqn_0443,"1.0466, -1.1466"
eqn_0444,quadratic/eqn_0444,"-0.7251, -8.2749"
eqn_0445,quadratic/eqn_0445,"1.1926, -4.1926"
eqn_0446,quadratic/eqn_0446,"-0.2929, -1.7071"
eqn_0447,quadratic/eqn_0447,"7.0, 3.0"
eqn_0448,quadratic/eqn_0448,"0.3852, -10.3852"
eqn_0449,quadratic/eqn_0449,"-0.664, -21.836"
eqn_0450,quadratic/eqn_0450,"0.0, -1.4"
eqn_0451,quadratic/eqn_0451,"11.0, -15.0"
eqn_0452,quadratic/eqn_0452,"0.0, -9.0"
eqn_0453,quadratic/eqn_0453,"2.1062, -1.6618"
eqn_0454,quadratic/eqn_0454,"-0.2251, -9.7749"
eqn_0455,quadratic/eqn_0455,"-2.2087, -6.7913"
eqn_0456,quadratic/eqn_0456,"-0.2254, -1.7746"
eqn_0457,quadratic/eqn_0457,"1.4832, -0.8516"
eqn_0458,quadratic/eqn_0458,"-10.0, -25.0"
eqn_0459,quadratic/eqn_0459,"0.8151, -9.8151"
eqn_0460,quadratic/eqn_0460,"-3.0, 11.0"
eqn_0461,quadratic/eqn_0461,"1.0, -0.6"
eqn_0462,quadratic/eqn_0462,"-13.0, -35.0"
eqn_0463,quadratic/eqn_0463,"-0.5858, -3.4142"
eqn_0464,quadratic/eqn_0464,"3.5414, -2.5414"
eqn_0465,quadratic/eqn_0465,"-0.111, -10.139"
eqn_0466,quadratic/eqn_0466,"1.3119, -1.7786"
eqn_0467,quadratic/eqn_0467,"-0.5528, -1.4472"
eqn_0468,quadratic/eqn_0468,"25.0, -22.0"
eqn_0469,quadratic/eqn_0469,"3.1085, -1.6085"
eqn_0470,quadratic/eqn_0470,"2.578, -2.078"
eqn_0471,quadratic/eqn_0471,"0.5177, -2.3177"
eqn_0472,quadratic/eqn_0472,"1.0241, -1.3019"
eqn_0473,quadratic/eqn_0473,"2.0, -1.5625"
eqn_0474,quadratic/eqn_0474,"-0.9844, -5.9387"
eqn_0475,quadratic/eqn_0475,"-0.7639, -5.2361"
eqn_0476,quadratic/eqn_0476,"1.0, -0.4"
eqn_0477,quadratic/eqn_0477,"2.3508, -0.8508"
eqn_0478,quadratic/eqn_0478,"-11.0, 20.0"
eqn_0479,quadratic/eqn_0479,"-0.1321, -4.8679"
eqn_0480,quadratic/eqn_0480,"1.2466, -0.8022"
eqn_0481,quadratic/eqn_0481,"-1.0, 7.0"
eqn_0482,quadratic/eqn_0482,"6.0, -5.0"
eqn_0483,quadratic/eqn_0483,"-14.0, -26.0"
eqn_0484,quadratic/eqn_0484,"6.0, -20.0"
eqn_0485,quadratic/eqn_0485,"-10.0, -35.0"
eqn_0486,quadratic/eqn_0486,"-1.1313, -5.5687"
eqn_0487,quadratic/eqn_0487,"1.1867, -0.6482"
eqn_0488,quadratic/eqn_0488,"-0.0695, -9.5972"
eqn_0489,quadratic/eqn_0489,"-2.2377, -3.2623"
eqn_0490,quadratic/eqn_0490,"1.8536, -1.4161"
eqn_0491,quadratic/eqn_0491,"-0.7421, -18.0579"
eqn_0492,quadratic/eqn_0492,"-0.3688, -10.5062"
eqn_0493,quadratic/eqn_0493,"1.0669, -0.0669"
eqn_0494,quadratic/eqn_0494,"-1.0145, -7.8855"
eqn_0495,quadratic/eqn_0495,"-0.119, -1.681"
eqn_0496,quadratic/eqn_0496,"1.7822, -1.1572"
eqn_0497,quadratic/eqn_0497,"0.6231, -0.6757"
eqn_0498,quadratic/eqn_0498,"2.0, -11.0"
eqn_0499,quadratic/eqn_0499,"1.0806, -1.4806"
eqn_0500,quadratic/eqn_0500,"0.6762, -5.1762"
eqn_0501,quadratic/eqn_0501,"1.2894, -2.456"
eqn_0502,quadratic/eqn_0502,"-0.1367, -1.4633"
eqn_0503,quadratic/eqn_0503,"-5.0, -29.0"
eqn_0504,quadratic/eqn_0504,"-15.0, 8.0"
eqn_0505,quadratic/eqn_0505,"-1.3695, -5.3305"
eqn_0506,quadratic/eqn_0506,"2.6967, -1.3121"
eqn_0507,quadratic/eqn_0507,"1.8166, -2.6737"
eqn_0508,quadratic/eqn_0508,"1.9025, -2.1025"
eqn_0509,quadratic/eqn_0509,"11.0, -24.0"
eqn_0510,quadratic/eqn_0510,"1.0, 7.0"
eqn_0511,quadratic/eqn_0511,"-6.0, -33.0"
eqn_0512,quadratic/eqn_0512,"-7.0, -19.0"
eqn_0513,quadratic/eqn_0513,"-1.0, -3.0"
eqn_0514,quadratic/eqn_0514,"1.6218, -3.2885"
eqn_0515,quadratic/eqn_0515,"-1.9617, -10.705"
eqn_0516,quadratic/eqn_0516,"10.0, 23.0"
eqn_0517,quadratic/eqn_0517,"0.0, -0.25"
eqn_0518,quadratic/eqn_0518,"1.6484, -1.103"
eqn_0519,quadratic/eqn_0519,"0.8273, -2.2161"
eqn_0520,quadratic/eqn_0520,"-0.9043, -3.2386"
eqn_0521,quadratic/eqn_0521,"0.0671, -12.7813"
eqn_0522,quadratic/eqn_0522,"1.2, -1.0"
eqn_0523,quadratic/eqn_0523,"0.0, -2.0"
eqn_0524,quadratic/eqn_0524,"1.0, -4.0"
eqn_0525,quadratic/eqn_0525,"14.0, 19.0"
eqn_0526,quadratic/eqn_0526,"0.1861, -2.6861"
eqn_0527,quadratic/eqn_0527,"-0.2834, -6.2721"
eqn_0528,quadratic/eqn_0528,"-0.3596, -1.3904"
eqn_0529,quadratic/eqn_0529,"-1.0, -2.3333"
eqn_0530,quadratic/eqn_0530,"1.7863, -1.1196"
eqn_0531,quadratic/eqn_0531,"11.0, 14.0"
eqn_0532,quadratic/eqn_0532,"-11.0, -14.0"
eqn_0533,quadratic/eqn_0533,"1.0, -2.0"
eqn_0534,quadratic/eqn_0534,"-5.0, -11.0"
eqn_0535,quadratic/eqn_0535,"0.8944, -0.8944"
eqn_0536,quadratic/eqn_0536,"0.6667, -2.0"
eqn_0537,quadratic/eqn_0537,"0.1623, -6.1623"
eqn_0538,quadratic/eqn_0538,"3.046, -1.346"
eqn_0539,quadratic/eqn_0539,"-9.0, -17.0"
eqn_0540,quadratic/eqn_0540,"0.0, -1.6"
eqn_0541,quadratic/eqn_0541,"0.8248, -2.4248"
eqn_0542,quadratic/eqn_0542,"-0.665, -5.4778"
eqn_0543,quadratic/eqn_0543,"23.0, -19.0"
eqn_0544,quadratic/eqn_0544,"0.8601, -1.8601"
eqn_0545,quadratic/eqn_0545,"-3.0, -10.0"
eqn_0546,quadratic/eqn_0546,"0.105, -1.905"
eqn_0547,quadratic/eqn_0547,"12.0, 18.0"
eqn_0548,quadratic/eqn_0548,"-0.8329, -14.1671"
eqn_0549,quadratic/eqn_0549,"-12.0, 3.0"
eqn_0550,quadratic/eqn_0550,"1.4641, -5.4641"
eqn_0551,quadratic/eqn_0551,"11.0, 11.0"
eqn_0552,quadratic/eqn_0552,"1.0874, -1.2874"
eqn_0553,quadratic/eqn_0553,"0.8416, -1.2962"
eqn_0554,quadratic/eqn_0554,"0.5466, -1.6466"
eqn_0555,quadratic/eqn_0555,"2.6888, -2.3555"
eqn_0556,quadratic/eqn_0556,"0.2053, -4.8719"
eqn_0557,quadratic/eqn_0557,"-1.2857, -2.0"
eqn_0558,quadratic/eqn_0558,"1.3977, -1.3208"
eqn_0559,quadratic/eqn_0559,"1.1689, -1.3689"
eqn_0560,quadratic/eqn_0560,"1.9476, -3.8707"
eqn_0561,quadratic/eqn_0561,"0.5495, -4.5495"
eqn_0562,quadratic/eqn_0562,"-0.5383, -4.1284"
eqn_0563,quadratic/eqn_0563,"0.649, -1.849"
eqn_0564,quadratic/eqn_0564,"22.0, 1.0"
eqn_0565,quadratic/eqn_0565,"0.8339, -2.1868"
eqn_0566,quadratic/eqn_0566,"0.4832, -2.4832"
eqn_0567,quadratic/eqn_0567,"0.618, -1.618"
eqn_0568,quadratic/eqn_0568,"0.0, -2.0"
eqn_0569,quadratic/eqn_0569,"1.7059, -1.7586"
eqn_0570,quadratic/eqn_0570,"-12.0, 11.0"
eqn_0571,quadratic/eqn_0571,"0.0566, -5.8899"
eqn_0572,quadratic/eqn_0572,"1.7575, -1.0242"
eqn_0573,quadratic/eqn_0573,"1.1375, -2.6375"
eqn_0574,quadratic/eqn_0574,"1.393, -2.393"
eqn_0575,quadratic/eqn_0575,"0.6, -2.0"
eqn_0576,quadratic/eqn_0576,"0.5899, -1.6952"
eqn_0577,quadratic/eqn_0577,"2.6318, -2.4318"
eqn_0578,quadratic/eqn_0578,"12.0, 20.0"
eqn_0579,quadratic/eqn_0579,"-1.3698, -4.3802"
eqn_0580,quadratic/eqn_0580,"2.5, -1.0"
eqn_0581,quadratic/eqn_0581,"1.5311, -6.5311"
eqn_0582,quadratic/eqn_0582,"-5.0, -35.0"
eqn_0583,quadratic/eqn_0583,"-6.0, 18.0"
eqn_0584,quadratic/eqn_0584,"-0.7937, -5.0396"
eqn_0585,quadratic/eqn_0585,"2.0, -3.75"
eqn_0586,quadratic/eqn_0586,"-0.6329, -23.7004"
eqn_0587,quadratic/eqn_0587,"-0.1052, -4.7519"
eqn_0588,quadratic/eqn_0588,"-7.0, -5.0"
eqn_0589,quadratic/eqn_0589,"2.0, -2.7692"
eqn_0590,quadratic/eqn_0590,"17.0, 15.0"
eqn_0591,quadratic/eqn_0591,"0.8541, -5.8541"
eqn_0592,quadratic/eqn_0592,"1.1711, -1.248"
eqn_0593,quadratic/eqn_0593,"-0.6463, -11.6037"
eqn_0594,quadratic/eqn_0594,"-14.0, 8.0"
eqn_0595,quadratic/eqn_0595,"0.2, -1.0"
eqn_0596,quadratic/eqn_0596,"2.0366, -1.4116"
eqn_0597,quadratic/eqn_0597,"17.0, 12.0"
eqn_0598,quadratic/eqn_0598,"0.4075, -4.9075"
eqn_0599,quadratic/eqn_0599,"-0.5693, -10.2878"
eqn_0600,quadratic/eqn_0600,"2.2863, -0.6196"
eqn_0601,quadratic/eqn_0601,"-1.1287, -16.5379"
eqn_0602,quadratic/eqn_0602,"0.3187, -1.5687"
eqn_0603,quadratic/eqn_0603,"1.5177, -1.3177"
eqn_0604,quadratic/eqn_0604,"3.9317, -2.0983"
eqn_0605,quadratic/eqn_0605,"-6.0, 15.0"
eqn_0606,quadratic/eqn_0606,"2.3387, -1.8387"
eqn_0607,quadratic/eqn_0607,"24.0, -33.0"
eqn_0608,quadratic/eqn_0608,"1.2707, -1.7707"
eqn_0609,quadratic/eqn_0609,"1.781, -1.881"
eqn_0610,quadratic/eqn_0610,"-0.3163, -9.4837"
eqn_0611,quadratic/eqn_0611,"22.0, 14.0"
eqn_0612,quadratic/eqn_0612,"0.9217, -3.255"
eqn_0613,quadratic/eqn_0613,"-0.3194, -16.2806"
eqn_0614,quadratic/eqn_0614,"-9.0, -13.0"
eqn_0615,quadratic/eqn_0615,"1.7923, -2.0923"
eqn_0616,quadratic/eqn_0616,"0.7266, -1.9266"
eqn_0617,quadratic/eqn_0617,"0.7604, -5.2604"
eqn_0618,quadratic/eqn_0618,"-1.5917, -12.4083"
eqn_0619,quadratic/eqn_0619,"-0.4266, -3.9067"
eqn_0620,quadratic/eqn_0620,"3.0738, -1.7797"
eqn_0621,quadratic/eqn_0621,"-1.7074, -7.126"
eqn_0622,quadratic/eqn_0622,"1.5729, -3.0729"
eqn_0623,quadratic/eqn_0623,"3.0, -2.0"
eqn_0624,quadratic/eqn_0624,"-0.3139, -3.1861"
eqn_0625,quadratic/eqn_0625,"-0.0887, -10.0224"
eqn_0626,quadratic/eqn_0626,"2.4635, -1.9341"
eqn_0627,quadratic/eqn_0627,"-0.032, -9.368"
eqn_0628,quadratic/eqn_0628,"13.0, -15.0"
eqn_0629,quadratic/eqn_0629,"-1.4938, -5.9507"
eqn_0630,quadratic/eqn_0630,"0.0419, -7.3496"
eqn_0631,quadratic/eqn_0631,"-0.373, -0.8937"
eqn_0632,quadratic/eqn_0632,"1.7109, -1.2664"
eqn_0633,quadratic/eqn_0633,"0.8471, -1.1805"
eqn_0634,quadratic/eqn_0634,"-1.0, -1.3333"
eqn_0635,quadratic/eqn_0635,"-2.8804, -5.7863"
eqn_0636,quadratic/eqn_0636,"-0.9313, -7.6142"
eqn_0637,quadratic/eqn_0637,"-10.0, -12.0"
eqn_0638,quadratic/eqn_0638,"-0.3384, -11.3283"
eqn_0639,quadratic/eqn_0639,"1.7538, -2.3163"
eqn_0640,quadratic/eqn_0640,"-0.1969, -6.6031"
eqn_0641,quadratic/eqn_0641,"-0.8073, -4.4594"
eqn_0642,quadratic/eqn_0642,"-2.0, -1.0"
eqn_0643,quadratic/eqn_0643,"-0.1021, -4.8979"
eqn_0644,quadratic/eqn_0644,"0.4748, -2.8081"
eqn_0645,quadratic/eqn_0645,"1.8968, -1.2301"
eqn_0646,quadratic/eqn_0646,"1.1307, -0.5307"
eqn_0647,quadratic/eqn_0647,"1.6624, -0.9624"
eqn_0648,quadratic/eqn_0648,"-0.1459, -6.8541"
eqn_0649,quadratic/eqn_0649,"2.572, -2.572"
eqn_0650,quadratic/eqn_0650,"2.8508, -0.3508"
eqn_0651,quadratic/eqn_0651,"-0.8033, -4.2681"
eqn_0652,quadratic/eqn_0652,"-1.7664, -5.567"
eqn_0653,quadratic/eqn_0653,"-1.1008, -12.8992"
eqn_0654,quadratic/eqn_0654,"2.7036, -1.7624"
eqn_0655,quadratic/eqn_0655,"0.0, -2.0"
eqn_0656,quadratic/eqn_0656,"-0.228, -8.772"
eqn_0657,quadratic/eqn_0657,"1.2087, -2.423"
eqn_0658,quadratic/eqn_0658,"1.0, -1.0"
eqn_0659,quadratic/eqn_0659,"-2.2377, -3.2623"
eqn_0660,quadratic/eqn_0660,"1.3535, -2.2535"
eqn_0661,quadratic/eqn_0661,"-0.0259, -2.5741"
eqn_0662,quadratic/eqn_0662,"0.053, -13.4816"
eqn_0663,quadratic/eqn_0663,"1.0, -0.5"
eqn_0664,quadratic/eqn_0664,"2.3848, -1.1182"
eqn_0665,quadratic/eqn_0665,"1.5593, -1.7815"
eqn_0666,quadratic/eqn_0666,"1.393, -2.393"
eqn_0667,quadratic/eqn_0667,"-0.3596, -1.3904"
eqn_0668,quadratic/eqn_0668,"-1.8902, -11.1098"
eqn_0669,quadratic/eqn_0669,"1.8117, -0.0425"
eqn_0670,quadratic/eqn_0670,"-1.5505, -6.4495"
eqn_0671,quadratic/eqn_0671,"0.1754, -1.4254"
eqn_0672,quadratic/eqn_0672,"0.0158, -4.2158"
eqn_0673,quadratic/eqn_0673,"0.5176, -0.5945"
eqn_0674,quadratic/eqn_0674,"-1.3297, -5.1703"
eqn_0675,quadratic/eqn_0675,"1.9567, -2.6234"
eqn_0676,quadratic/eqn_0676,"12.0, -8.0"
eqn_0677,quadratic/eqn_0677,"13.0, -12.0"
eqn_0678,quadratic/eqn_0678,"1.88, -4.0618"
eqn_0679,quadratic/eqn_0679,"-1.1345, -15.8655"
eqn_0680,quadratic/eqn_0680,"-1.1958, -3.5542"
eqn_0681,quadratic/eqn_0681,"1.6632, -1.5632"
eqn_0682,quadratic/eqn_0682,"1.75, -1.0"
eqn_0683,quadratic/eqn_0683,"-0.1888, -26.4778"
eqn_0684,quadratic/eqn_0684,"4.0, -10.0"
eqn_0685,quadratic/eqn_0685,"1.9067, -1.5734"
eqn_0686,quadratic/eqn_0686,"-5.0, -29.0"
eqn_0687,quadratic/eqn_0687,"2.5506, -1.4506"
eqn_0688,quadratic/eqn_0688,"-0.1607, -5.6575"
eqn_0689,quadratic/eqn_0689,"-9.0, 18.0"
eqn_0690,quadratic/eqn_0690,"1.781, -2.281"
eqn_0691,quadratic/eqn_0691,"12.0, -33.0"
eqn_0692,quadratic/eqn_0692,"1.7149, -1.2149"
eqn_0693,quadratic/eqn_0693,"-0.7612, -10.0722"
eqn_0694,quadratic/eqn_0694,"-0.5657, -13.4343"
eqn_0695,quadratic/eqn_0695,"1.0, -13.0"
eqn_0696,quadratic/eqn_0696,"13.0, 25.0"
eqn_0697,quadratic/eqn_0697,"0.5509, -0.1134"
eqn_0698,quadratic/eqn_0698,"1.243, -1.743"
eqn_0699,quadratic/eqn_0699,"0.0, -0.0714"
eqn_0700,quadratic/eqn_0700,"1.3353, -2.6211"
eqn_0701,quadratic/eqn_0701,"2.2656, -1.7656"
eqn_0702,quadratic/eqn_0702,"1.135, -1.4684"
eqn_0703,quadratic/eqn_0703,"-0.879, -4.8133"
eqn_0704,quadratic/eqn_0704,"-1.02, -17.6466"
eqn_0705,quadratic/eqn_0705,"2.5, -1.8571"
eqn_0706,quadratic/eqn_0706,"1.5226, -2.1893"
eqn_0707,quadratic/eqn_0707,"-0.8966, -10.6748"
eqn_0708,quadratic/eqn_0708,"-14.0, 19.0"
eqn_0709,quadratic/eqn_0709,"-0.3811, -15.2189"
eqn_0710,quadratic/eqn_0710,"-0.0627, -19.1373"
eqn_0711,quadratic/eqn_0711,"4.0, -1.0"
eqn_0712,quadratic/eqn_0712,"5.0, 21.0"
eqn_0713,quadratic/eqn_0713,"-6.0, -8.0"
eqn_0714,quadratic/eqn_0714,"0.2339, -0.3054"
eqn_0715,quadratic/eqn_0715,"2.5924, -2.2847"
eqn_0716,quadratic/eqn_0716,"0.0, -6.7143"
eqn_0717,quadratic/eqn_0717,"-0.0114, -8.7886"
eqn_0718,quadratic/eqn_0718,"1.3245, -2.5553"
eqn_0719,quadratic/eqn_0719,"-0.1418, -1.6274"
eqn_0720,quadratic/eqn_0720,"0.1217, -10.955"
eqn_0721,quadratic/eqn_0721,"1.6667, -2.0"
eqn_0722,quadratic/eqn_0722,"2.2399, -2.1685"
eqn_0723,quadratic/eqn_0723,"4.0, 5.0"
eqn_0724,quadratic/eqn_0724,"0.2078, -3.2078"
eqn_0725,quadratic/eqn_0725,"-0.6972, -4.3028"
eqn_0726,quadratic/eqn_0726,"0.7749, -3.4415"
eqn_0727,quadratic/eqn_0727,"12.0, 2.0"
eqn_0728,quadratic/eqn_0728,"0.4721, -8.4721"
eqn_0729,quadratic/eqn_0729,"2.2532, -2.2532"
eqn_0730,quadratic/eqn_0730,"-0.5102, -12.7398"
eqn_0731,quadratic/eqn_0731,"-8.0, 17.0"
eqn_0732,quadratic/eqn_0732,"-0.0831, -7.2169"
eqn_0733,quadratic/eqn_0733,"0.0917, -19.0917"
eqn_0734,quadratic/eqn_0734,"-0.0423, -2.6243"
eqn_0735,quadratic/eqn_0735,"7.0, -11.0"
eqn_0736,quadratic/eqn_0736,"2.1386, -2.6386"
eqn_0737,quadratic/eqn_0737,"0.344, -1.744"
eqn_0738,quadratic/eqn_0738,"25.0, -6.0"
eqn_0739,quadratic/eqn_0739,"0.3333, 0.0"
eqn_0740,quadratic/eqn_0740,"0.3028, -3.3028"
eqn_0741,quadratic/eqn_0741,"0.0589, -2.1214"
eqn_0742,quadratic/eqn_0742,"0.3416, -2.3416"
eqn_0743,quadratic/eqn_0743,"22.0, -8.0"
eqn_0744,quadratic/eqn_0744,"24.0, -10.0"
eqn_0745,quadratic/eqn_0745,"0.5311, -7.5311"
eqn_0746,quadratic/eqn_0746,"0.0, -18.8"
eqn_0747,quadratic/eqn_0747,"1.1565, -1.5565"
eqn_0748,quadratic/eqn_0748,"1.1926, -4.1926"
eqn_0749,quadratic/eqn_0749,"0.1429, -2.5"
eqn_0750,quadratic/eqn_0750,"0.6325, -0.6325"
eqn_0751,quadratic/eqn_0751,"22.0, -21.0"
eqn_0752,quadratic/eqn_0752,"-12.0, 11.0"
eqn_0753,quadratic/eqn_0753,"-0.7033, -7.7411"
eqn_0754,quadratic/eqn_0754,"1.8656, -2.4656"
eqn_0755,quadratic/eqn_0755,"5.0, -3.0"
eqn_0756,quadratic/eqn_0756,"0.8055, -2.3055"
eqn_0757,quadratic/eqn_0757,"-0.1172, -2.1328"
eqn_0758,quadratic/eqn_0758,"0.1483, -1.3483"
eqn_0759,quadratic/eqn_0759,"-0.4167, -4.0"
eqn_0760,quadratic/eqn_0760,"-1.0, -25.0"
eqn_0761,quadratic/eqn_0761,"0.2426, -8.2426"
eqn_0762,quadratic/eqn_0762,"-0.7445, -16.6555"
eqn_0763,quadratic/eqn_0763,"-9.0, -8.0"
eqn_0764,quadratic/eqn_0764,"1.6861, -1.1861"
eqn_0765,quadratic/eqn_0765,"0.7808, -1.2808"
eqn_0766,quadratic/eqn_0766,"2.1712, -1.5045"
eqn_0767,quadratic/eqn_0767,"0.5125, -3.5125"
eqn_0768,quadratic/eqn_0768,"-0.7548, -5.0785"
eqn_0769,quadratic/eqn_0769,"0.1514, -1.6514"
eqn_0770,quadratic/eqn_0770,"-0.9517, -5.6038"
eqn_0771,quadratic/eqn_0771,"0.0, -2.5"
eqn_0772,quadratic/eqn_0772,"1.0319, -2.1319"
eqn_0773,quadratic/eqn_0773,"1.0, 25.0"
eqn_0774,quadratic/eqn_0774,"-0.8521, -17.8979"
eqn_0775,quadratic/eqn_0775,"-1.6972, -5.3028"
eqn_0776,quadratic/eqn_0776,"-8.0, -8.0"
eqn_0777,quadratic/eqn_0777,"0.0, -2.0"
eqn_0778,quadratic/eqn_0778,"13.0, -2.0"
eqn_0779,quadratic/eqn_0779,"-1.046, -4.6206"
eqn_0780,quadratic/eqn_0780,"-1.1469, -3.2698"
eqn_0781,quadratic/eqn_0781,"14.0, -7.0"
eqn_0782,quadratic/eqn_0782,"-0.5931, -4.3355"
eqn_0783,quadratic/eqn_0783,"-0.4384, -4.5616"
eqn_0784,quadratic/eqn_0784,"1.3508, -1.8508"
eqn_0785,quadratic/eqn_0785,"3.0, -35.0"
eqn_0786,quadratic/eqn_0786,"0.5221, -0.2554"
eqn_0787,quadratic/eqn_0787,"-1.0, -2.5"
eqn_0788,quadratic/eqn_0788,"1.2675, -1.9517"
eqn_0789,quadratic/eqn_0789,"2.617, -1.1464"
eqn_0790,quadratic/eqn_0790,"1.4878, -1.9044"
eqn_0791,quadratic/eqn_0791,"1.4951, -2.4182"
eqn_0792,quadratic/eqn_0792,"-1.2578, -3.9088"
eqn_0793,quadratic/eqn_0793,"2.268, -1.918"
eqn_0794,quadratic/eqn_0794,"2.1111, -1.0"
eqn_0795,quadratic/eqn_0795,"1.7417, -5.7417"
eqn_0796,quadratic/eqn_0796,"2.2855, -2.598"
eqn_0797,quadratic/eqn_0797,"1.964, -2.9052"
eqn_0798,quadratic/eqn_0798,"0.8257, -2.8257"
eqn_0799,quadratic/eqn_0799,"10.0, 20.0"
eqn_0800,quadratic/eqn_0800,"0.8236, -2.0236"
eqn_0801,quadratic/eqn_0801,"1.1073, -2.1073"
eqn_0802,quadratic/eqn_0802,"0.772, -7.772"
eqn_0803,quadratic/eqn_0803,"-0.5639, -14.1861"
eqn_0804,quadratic/eqn_0804,"0.1401, -7.1401"
eqn_0805,quadratic/eqn_0805,"1.0, -2.0"
eqn_0806,quadratic/eqn_0806,"3.131, -1.8583"
eqn_0807,quadratic/eqn_0807,"-0.6328, -14.6172"
eqn_0808,quadratic/eqn_0808,"0.3583, -0.5583"
eqn_0809,quadratic/eqn_0809,"-0.5497, -6.367"
eqn_0810,quadratic/eqn_0810,"3.8581, -1.7672"
eqn_0811,quadratic/eqn_0811,"-1.0, -19.6667"
eqn_0812,quadratic/eqn_0812,"2.2151, -2.292"
eqn_0813,quadratic/eqn_0813,"-0.6122, -5.5128"
eqn_0814,quadratic/eqn_0814,"0.0243, -6.332"
eqn_0815,quadratic/eqn_0815,"0.3676, -1.7312"
eqn_0816,quadratic/eqn_0816,"-0.1045, -10.7705"
eqn_0817,quadratic/eqn_0817,"0.5687, -1.3187"
eqn_0818,quadratic/eqn_0818,"0.6283, -2.2283"
eqn_0819,quadratic/eqn_0819,"2.6685, -2.7594"
eqn_0820,quadratic/eqn_0820,"-0.1635, -4.5865"
eqn_0821,quadratic/eqn_0821,"-1.8074, -7.1926"
eqn_0822,quadratic/eqn_0822,"7.0, -24.0"
eqn_0823,quadratic/eqn_0823,"1.234, -1.6715"
eqn_0824,quadratic/eqn_0824,"-0.4909, -5.0924"
eqn_0825,quadratic/eqn_0825,"-0.3842, -15.6158"
eqn_0826,quadratic/eqn_0826,"-2.0, 23.0"
eqn_0827,quadratic/eqn_0827,"0.2008, -3.2008"
eqn_0828,quadratic/eqn_0828,"1.0853, -2.0853"
eqn_0829,quadratic/eqn_0829,"1.4365, -2.4365"
eqn_0830,quadratic/eqn_0830,"-13.0, 4.0"
eqn_0831,quadratic/eqn_0831,"-0.5, -5.0"
eqn_0832,quadratic/eqn_0832,"0.0, -2.0"
eqn_0833,quadratic/eqn_0833,"-0.3638, -11.779"
eqn_0834,quadratic/eqn_0834,"1.0, -5.0"
eqn_0835,quadratic/eqn_0835,"1.6576, -3.2576"
eqn_0836,quadratic/eqn_0836,"23.0, 9.0"
eqn_0837,quadratic/eqn_0837,"1.7656, -2.2656"
eqn_0838,quadratic/eqn_0838,"5.0, 24.0"
eqn_0839,quadratic/eqn_0839,"24.0, 25.0"
eqn_0840,quadratic/eqn_0840,"1.4186, -1.5725"
eqn_0841,quadratic/eqn_0841,"18.0, -12.0"
eqn_0842,quadratic/eqn_0842,"2.1336, -2.2765"
eqn_0843,quadratic/eqn_0843,"18.0, -22.0"
eqn_0844,quadratic/eqn_0844,"-0.1969, -30.4698"
eqn_0845,quadratic/eqn_0845,"-0.9684, -6.7588"
eqn_0846,quadratic/eqn_0846,"1.1926, -4.1926"
eqn_0847,quadratic/eqn_0847,"-0.7064, -6.9603"
eqn_0848,quadratic/eqn_0848,"-12.0, -20.0"
eqn_0849,quadratic/eqn_0849,"3.0, 10.0"
eqn_0850,quadratic/eqn_0850,"3.0248, -1.0248"
eqn_0851,quadratic/eqn_0851,"11.0, -17.0"
eqn_0852,quadratic/eqn_0852,"1.3419, -0.2794"
eqn_0853,quadratic/eqn_0853,"8.0, 22.0"
eqn_0854,quadratic/eqn_0854,"0.9785, -1.4522"
eqn_0855,quadratic/eqn_0855,"2.1269, -1.2446"
eqn_0856,quadratic/eqn_0856,"1.8494, -3.6186"
eqn_0857,quadratic/eqn_0857,"16.0, 7.0"
eqn_0858,quadratic/eqn_0858,"0.4538, -2.2038"
eqn_0859,quadratic/eqn_0859,"1.0469, -2.0469"
eqn_0860,quadratic/eqn_0860,"1.5768, -0.2238"
eqn_0861,quadratic/eqn_0861,"0.6667, 0.0"
eqn_0862,quadratic/eqn_0862,"6.0, -6.0"
eqn_0863,quadratic/eqn_0863,"2.241, -0.0744"
eqn_0864,quadratic/eqn_0864,"-0.1239, -14.1261"
eqn_0865,quadratic/eqn_0865,"-0.3922, -5.5245"
eqn_0866,quadratic/eqn_0866,"2.4192, -0.9817"
eqn_0867,quadratic/eqn_0867,"-0.3791, -4.2209"
eqn_0868,quadratic/eqn_0868,"-14.0, 13.0"
eqn_0869,quadratic/eqn_0869,"-14.0, 24.0"
eqn_0870,quadratic/eqn_0870,"1.8229, -0.8229"
eqn_0871,quadratic/eqn_0871,"-0.5271, -6.6395"
eqn_0872,quadratic/eqn_0872,"0.3483, -1.1483"
eqn_0873,quadratic/eqn_0873,"1.5207, -2.5207"
eqn_0874,quadratic/eqn_0874,"0.0575, -5.4325"
eqn_0875,quadratic/eqn_0875,"2.1109, -0.8477"
eqn_0876,quadratic/eqn_0876,"-2.4444, -3.0"
eqn_0877,quadratic/eqn_0877,"-1.2809, -8.1191"
eqn_0878,quadratic/eqn_0878,"2.0455, -1.4666"
eqn_0879,quadratic/eqn_0879,"1.9803, -1.1678"
eqn_0880,quadratic/eqn_0880,"0.3874, -1.7208"
eqn_0881,quadratic/eqn_0881,"2.4363, -0.709"
eqn_0882,quadratic/eqn_0882,"16.0, -24.0"
eqn_0883,quadratic/eqn_0883,"21.0, -24.0"
eqn_0884,quadratic/eqn_0884,"1.8703, -2.9879"
eqn_0885,quadratic/eqn_0885,"1.5177, -1.3177"
eqn_0886,quadratic/eqn_0886,"1.6977, -2.1352"
eqn_0887,quadratic/eqn_0887,"-2.117, -10.5497"
eqn_0888,quadratic/eqn_0888,"2.0, -1.0"
eqn_0889,quadratic/eqn_0889,"2.1623, -4.1623"
eqn_0890,quadratic/eqn_0890,"13.0, -19.0"
eqn_0891,quadratic/eqn_0891,"-4.0, -1.0"
eqn_0892,quadratic/eqn_0892,"1.5655, -3.4886"
eqn_0893,quadratic/eqn_0893,"-6.0, 2.0"
eqn_0894,quadratic/eqn_0894,"1.4522, -0.9785"
eqn_0895,quadratic/eqn_0895,"-11.0, 21.0"
eqn_0896,quadratic/eqn_0896,"-0.2344, -4.2656"
eqn_0897,quadratic/eqn_0897,"18.0, 18.0"
eqn_0898,quadratic/eqn_0898,"0.1114, -5.6114"
eqn_0899,quadratic/eqn_0899,"3.0649, -1.8149"
eqn_0900,quadratic/eqn_0900,"0.8301, 0.3804"
eqn_0901,quadratic/eqn_0901,"19.0, 11.0"
eqn_0902,quadratic/eqn_0902,"1.4777, -0.4777"
eqn_0903,quadratic/eqn_0903,"1.367, -0.5775"
eqn_0904,quadratic/eqn_0904,"13.0, -13.0"
eqn_0905,quadratic/eqn_0905,"1.8869, -1.5369"
eqn_0906,quadratic/eqn_0906,"-1.4924, -4.5076"
eqn_0907,quadratic/eqn_0907,"1.0, -0.8"
eqn_0908,quadratic/eqn_0908,"-0.3591, -7.2409"
eqn_0909,quadratic/eqn_0909,"1.0195, -2.6624"
eqn_0910,quadratic/eqn_0910,"22.0, -20.0"
eqn_0911,quadratic/eqn_0911,"4.7016, -1.7016"
eqn_0912,quadratic/eqn_0912,"3.0, -0.3333"
eqn_0913,quadratic/eqn_0913,"1.2166, -0.1541"
eqn_0914,quadratic/eqn_0914,"2.7662, -2.0787"
eqn_0915,quadratic/eqn_0915,"-0.3096, -9.6904"
eqn_0916,quadratic/eqn_0916,"3.657, -1.5661"
eqn_0917,quadratic/eqn_0917,"1.9639, -1.075"
eqn_0918,quadratic/eqn_0918,"23.0, -27.0"
eqn_0919,quadratic/eqn_0919,"-1.1263, -12.8737"
eqn_0920,quadratic/eqn_0920,"-1.2226, -3.5274"
eqn_0921,quadratic/eqn_0921,"18.0, -35.0"
eqn_0922,quadratic/eqn_0922,"-0.6, -1.0"
eqn_0923,quadratic/eqn_0923,"4.0, 12.0"
eqn_0924,quadratic/eqn_0924,"2.2898, -1.9821"
eqn_0925,quadratic/eqn_0925,"-0.8024, -8.3087"
eqn_0926,quadratic/eqn_0926,"2.6667, -1.6667"
eqn_0927,quadratic/eqn_0927,"1.8508, -1.3508"
eqn_0928,quadratic/eqn_0928,"17.0, -2.0"
eqn_0929,quadratic/eqn_0929,"0.9183, -2.7644"
eqn_0930,quadratic/eqn_0930,"0.3561, -2.1061"
eqn_0931,quadratic/eqn_0931,"-0.0643, -8.4811"
eqn_0932,quadratic/eqn_0932,"0.744, -1.344"
eqn_0933,quadratic/eqn_0933,"-1.2154, -21.1179"
eqn_0934,quadratic/eqn_0934,"0.0369, -10.1619"
eqn_0935,quadratic/eqn_0935,"-1.1331, -23.5335"
eqn_0936,quadratic/eqn_0936,"-1.0329, -13.1671"
eqn_0937,quadratic/eqn_0937,"-16.0, 25.0"
eqn_0938,quadratic/eqn_0938,"0.3904, -0.6404"
eqn_0939,quadratic/eqn_0939,"-0.3837, -6.9496"
eqn_0940,quadratic/eqn_0940,"-13.0, 15.0"
eqn_0941,quadratic/eqn_0941,"1.5414, -4.5414"
eqn_0942,quadratic/eqn_0942,"-6.0, 25.0"
eqn_0943,quadratic/eqn_0943,"2.5264, -1.9264"
eqn_0944,quadratic/eqn_0944,"0.024, -6.9407"
eqn_0945,quadratic/eqn_0945,"2.4495, -2.4495"
eqn_0946,quadratic/eqn_0946,"-0.104, -6.1817"
eqn_0947,quadratic/eqn_0947,"1.6689, -1.8832"
eqn_0948,quadratic/eqn_0948,"0.195, -1.1395"
eqn_0949,quadratic/eqn_0949,"25.0, 3.0"
eqn_0950,quadratic/eqn_0950,"-0.3487, -21.9846"
eqn_0951,quadratic/eqn_0951,"0.5492, -2.5492"
eqn_0952,quadratic/eqn_0952,"-10.0, -26.0"
eqn_0953,quadratic/eqn_0953,"-0.4784, -4.355"
eqn_0954,quadratic/eqn_0954,"2.06, -4.06"
eqn_0955,quadratic/eqn_0955,"0.6583, -2.6583"
eqn_0956,quadratic/eqn_0956,"2.8662, -2.1739"
eqn_0957,quadratic/eqn_0957,"2.0, -1.0"
eqn_0958,quadratic/eqn_0958,"-1.6402, -3.2829"
eqn_0959,quadratic/eqn_0959,"0.0, -1.3333"
eqn_0960,quadratic/eqn_0960,"2.7274, -1.9627"
eqn_0961,quadratic/eqn_0961,"-1.0457, -8.2876"
eqn_0962,quadratic/eqn_0962,"1.4585, -0.3085"
eqn_0963,quadratic/eqn_0963,"1.8887, -3.3887"
eqn_0964,quadratic/eqn_0964,"3.3238, -1.3238"
eqn_0965,quadratic/eqn_0965,"-0.5657, -1.7676"
eqn_0966,quadratic/eqn_0966,"3.1868, -2.3535"
eqn_0967,quadratic/eqn_0967,"18.0, -25.0"
eqn_0968,quadratic/eqn_0968,"17.0, 13.0"
eqn_0969,quadratic/eqn_0969,"9.0, 19.0"
eqn_0970,quadratic/eqn_0970,"11.0, -18.0"
eqn_0971,quadratic/eqn_0971,"1.1098, -8.1098"
eqn_0972,quadratic/eqn_0972,"2.1261, -1.0492"
eqn_0973,quadratic/eqn_0973,"18.0, -16.0"
eqn_0974,quadratic/eqn_0974,"2.7394, -1.7394"
eqn_0975,quadratic/eqn_0975,"1.2122, -3.7122"
eqn_0976,quadratic/eqn_0976,"4.0, -20.0"
eqn_0977,quadratic/eqn_0977,"1.4495, -3.4495"
eqn_0978,quadratic/eqn_0978,"8.0, 18.0"
eqn_0979,quadratic/eqn_0979,"1.0967, -1.9539"
eqn_0980,quadratic/eqn_0980,"1.1147, -1.6147"
eqn_0981,quadratic/eqn_0981,"-0.634, -2.366"
eqn_0982,quadratic/eqn_0982,"17.0, 24.0"
eqn_0983,quadratic/eqn_0983,"1.0, -0.6"
eqn_0984,quadratic/eqn_0984,"0.1861, -2.6861"
eqn_0985,quadratic/eqn_0985,"0.8541, -5.8541"
eqn_0986,quadratic/eqn_0986,"21.0, 6.0"
eqn_0987,quadratic/eqn_0987,"-0.5359, -7.4641"
eqn_0988,quadratic/eqn_0988,"16.0, 2.0"
eqn_0989,quadratic/eqn_0989,"2.074, -1.8597"
eqn_0990,quadratic/eqn_0990,"22.0, 9.0"
eqn_0991,quadratic/eqn_0991,"-3.0, -26.0"
eqn_0992,quadratic/eqn_0992,"24.0, -23.0"
eqn_0993,quadratic/eqn_0993,"2.5406, -2.5406"
eqn_0994,quadratic/eqn_0994,"0.7071, -0.7071"
eqn_0995,quadratic/eqn_0995,"1.8981, -3.2314"
eqn_0996,quadratic/eqn_0996,"-0.4618, -5.4132"
eqn_0997,quadratic/eqn_0997,"-2.0, -3.0"
eqn_0998,quadratic/eqn_0998,"-1.0963, -9.9037"
eqn_0999,quadratic/eqn_0999,"2.0, 6.0"
eqn_1000,quadratic/eqn_1000,"-16.0, 8.0"
eqn_1001,quadratic/eqn_1001,"-0.5443, -12.5986"
eqn_1002,quadratic/eqn_1002,"0.145, -3.6783"
eqn_1003,quadratic/eqn_1003,"14.0, -34.0"
eqn_1004,quadratic/eqn_1004,"-1.0502, -12.9498"
eqn_1005,quadratic/eqn_1005,"2.0166, -1.3499"
eqn_1006,quadratic/eqn_1006,"3.4196, -2.7196"
eqn_1007,quadratic/eqn_1007,"0.6559, -1.9059"
eqn_1008,quadratic/eqn_1008,"-0.3216, -7.107"
eqn_1009,quadratic/eqn_1009,"6.0, -23.0"
eqn_1010,quadratic/eqn_1010,"-0.7847, -2.5486"
eqn_1011,quadratic/eqn_1011,"2.2994, -2.8994"
eqn_1012,quadratic/eqn_1012,"1.0, -3.0"
eqn_1013,quadratic/eqn_1013,"0.0, -2.6667"
eqn_1014,quadratic/eqn_1014,"-9.0, -29.0"
eqn_1015,quadratic/eqn_1015,"-0.971, -3.2957"
eqn_1016,quadratic/eqn_1016,"1.9434, -1.1199"
eqn_1017,quadratic/eqn_1017,"-10.0, -17.0"
eqn_1018,quadratic/eqn_1018,"-11.0, -25.0"
eqn_1019,quadratic/eqn_1019,"-4.0, -25.0"
eqn_1020,quadratic/eqn_1020,"3.1239, -1.7073"
eqn_1021,quadratic/eqn_1021,"-1.2513, -6.7487"
eqn_1022,quadratic/eqn_1022,"14.0, -25.0"
eqn_1023,quadratic/eqn_1023,"0.0683, -24.4016"
eqn_1024,quadratic/eqn_1024,"-0.1299, -5.5973"
eqn_1025,quadratic/eqn_1025,"1.0, -33.0"
eqn_1026,quadratic/eqn_1026,"-0.1187, -30.8813"
eqn_1027,quadratic/eqn_1027,"0.118, -2.118"
eqn_1028,quadratic/eqn_1028,"-1.2018, -3.2528"
eqn_1029,quadratic/eqn_1029,"1.6667, -3.5"
eqn_1030,quadratic/eqn_1030,"-1.0, 24.0"
eqn_1031,quadratic/eqn_1031,"-2.6208, -3.8792"
eqn_1032,quadratic/eqn_1032,"0.5, -1.5"
eqn_1033,quadratic/eqn_1033,"14.0, 2.0"
eqn_1034,quadratic/eqn_1034,"17.0, -1.0"
eqn_1035,quadratic/eqn_1035,"0.5, -1.0"
eqn_1036,quadratic/eqn_1036,"0.5678, -10.5678"
eqn_1037,quadratic/eqn_1037,"-14.0, 11.0"
eqn_1038,quadratic/eqn_1038,"1.6748, -1.0748"
eqn_1039,quadratic/eqn_1039,"-0.9319, -6.3408"
eqn_1040,quadratic/eqn_1040,"0.0, -1.0"
eqn_1041,quadratic/eqn_1041,"16.0, -11.0"
eqn_1042,quadratic/eqn_1042,"1.5, -1.7"
eqn_1043,quadratic/eqn_1043,"-0.8843, -4.2407"
eqn_1044,quadratic/eqn_1044,"1.6667, -2.25"
eqn_1045,quadratic/eqn_1045,"0.618, -1.618"
eqn_1046,quadratic/eqn_1046,"0.7426, 0.1036"
eqn_1047,quadratic/eqn_1047,"4.0, 7.0"
eqn_1048,quadratic/eqn_1048,"-0.4872, -20.0128"
eqn_1049,quadratic/eqn_1049,"1.5, 0.0"
eqn_1050,quadratic/eqn_1050,"1.0, -3.5"
eqn_1051,quadratic/eqn_1051,"9.0, -2.0"
eqn_1052,quadratic/eqn_1052,"-10.0, -10.0"
eqn_1053,quadratic/eqn_1053,"0.2426, -8.2426"
eqn_1054,quadratic/eqn_1054,"1.6412, -2.6938"
eqn_1055,quadratic/eqn_1055,"1.7376, -0.9141"
eqn_1056,quadratic/eqn_1056,"0.0864, -5.7864"
eqn_1057,quadratic/eqn_1057,"2.6458, -2.6458"
eqn_1058,quadratic/eqn_1058,"-0.6667, -1.0"
eqn_1059,quadratic/eqn_1059,"-0.1303, -3.0697"
eqn_1060,quadratic/eqn_1060,"1.0, -30.0"
eqn_1061,quadratic/eqn_1061,"0.4661, -1.3411"
eqn_1062,quadratic/eqn_1062,"2.2443, -1.411"
eqn_1063,quadratic/eqn_1063,"24.0, 24.0"
eqn_1064,quadratic/eqn_1064,"19.0, 8.0"
eqn_1065,quadratic/eqn_1065,"0.0, -2.0"
eqn_1066,quadratic/eqn_1066,"-2.0, -35.0"
eqn_1067,quadratic/eqn_1067,"-2.3333, -3.5"
eqn_1068,quadratic/eqn_1068,"7.0, 25.0"
eqn_1069,quadratic/eqn_1069,"0.6794, -3.6794"
eqn_1070,quadratic/eqn_1070,"-12.0, -15.0"
eqn_1071,quadratic/eqn_1071,"6.0, -8.0"
eqn_1072,quadratic/eqn_1072,"0.1139, -15.3639"
eqn_1073,quadratic/eqn_1073,"0.0284, -3.9173"
eqn_1074,quadratic/eqn_1074,"0.0, -2.0"
eqn_1075,quadratic/eqn_1075,"2.1429, -2.0"
eqn_1076,quadratic/eqn_1076,"0.3122, -1.4234"
eqn_1077,quadratic/eqn_1077,"20.0, 2.0"
eqn_1078,quadratic/eqn_1078,"-6.0, 14.0"
eqn_1079,quadratic/eqn_1079,"1.8284, -3.8284"
eqn_1080,quadratic/eqn_1080,"3.0, -9.0"
eqn_1081,quadratic/eqn_1081,"2.2575, -1.6786"
eqn_1082,quadratic/eqn_1082,"0.5311, -7.5311"
eqn_1083,quadratic/eqn_1083,"1.5477, -0.9477"
eqn_1084,quadratic/eqn_1084,"1.3682, -2.0557"
eqn_1085,quadratic/eqn_1085,"1.5285, -2.1167"
eqn_1086,quadratic/eqn_1086,"0.9026, -0.3693"
eqn_1087,quadratic/eqn_1087,"-0.2274, -4.3976"
eqn_1088,quadratic/eqn_1088,"19.0, 13.0"
eqn_1089,quadratic/eqn_1089,"1.036, -2.4735"
eqn_1090,quadratic/eqn_1090,"-0.3139, -3.1861"
eqn_1091,quadratic/eqn_1091,"14.0, -7.0"
eqn_1092,quadratic/eqn_1092,"-0.3429, -4.9571"
eqn_1093,quadratic/eqn_1093,"1.7321, -1.7321"
eqn_1094,quadratic/eqn_1094,"0.7321, -2.7321"
eqn_1095,quadratic/eqn_1095,"0.7897, -0.0974"
eqn_1096,quadratic/eqn_1096,"0.5307, -1.1307"
eqn_1097,quadratic/eqn_1097,"13.0, 21.0"
eqn_1098,quadratic/eqn_1098,"1.4428, -2.3873"
eqn_1099,quadratic/eqn_1099,"-1.6795, -10.3205"
eqn_1100,quadratic/eqn_1100,"0.4142, -2.4142"
eqn_1101,quadratic/eqn_1101,"0.515, -1.5775"
eqn_1102,quadratic/eqn_1102,"15.0, 25.0"
eqn_1103,quadratic/eqn_1103,"1.1085, -3.6085"
eqn_1104,quadratic/eqn_1104,"1.3238, -3.3238"
eqn_1105,quadratic/eqn_1105,"-13.0, -27.0"
eqn_1106,quadratic/eqn_1106,"2.0, -18.0"
eqn_1107,quadratic/eqn_1107,"0.1285, -8.7535"
eqn_1108,quadratic/eqn_1108,"0.7656, -3.2656"
eqn_1109,quadratic/eqn_1109,"0.0106, -31.344"
eqn_1110,quadratic/eqn_1110,"19.0, 2.0"
eqn_1111,quadratic/eqn_1111,"2.2543, -2.5876"
eqn_1112,quadratic/eqn_1112,"1.7321, -1.7321"
eqn_1113,quadratic/eqn_1113,"1.6329, -1.0447"
eqn_1114,quadratic/eqn_1114,"-1.4485, -6.3515"
eqn_1115,quadratic/eqn_1115,"0.905, -1.105"
eqn_1116,quadratic/eqn_1116,"11.0, 8.0"
eqn_1117,quadratic/eqn_1117,"-0.1398, -1.9511"
eqn_1118,quadratic/eqn_1118,"0.0, -2.1"
eqn_1119,quadratic/eqn_1119,"-0.1281, -5.2053"
eqn_1120,quadratic/eqn_1120,"19.0, 24.0"
eqn_1121,quadratic/eqn_1121,"2.7905, -1.4059"
eqn_1122,quadratic/eqn_1122,"3.5414, -2.5414"
eqn_1123,quadratic/eqn_1123,"-1.7075, -3.7092"
eqn_1124,quadratic/eqn_1124,"-1.0, -1.1538"
eqn_1125,quadratic/eqn_1125,"0.7321, -2.7321"
eqn_1126,quadratic/eqn_1126,"-13.0, 23.0"
eqn_1127,quadratic/eqn_1127,"1.6478, -1.4373"
eqn_1128,quadratic/eqn_1128,"2.1913, -0.0913"
eqn_1129,quadratic/eqn_1129,"0.3723, -5.3723"
eqn_1130,quadratic/eqn_1130,"-1.1021, -5.8979"
eqn_1131,quadratic/eqn_1131,"-0.2103, -8.9147"
eqn_1132,quadratic/eqn_1132,"0.4167, -1.0"
eqn_1133,quadratic/eqn_1133,"2.4149, -1.6149"
eqn_1134,quadratic/eqn_1134,"-0.426, -21.9073"
eqn_1135,quadratic/eqn_1135,"-13.0, 8.0"
eqn_1136,quadratic/eqn_1136,"24.0, 22.0"
eqn_1137,quadratic/eqn_1137,"25.0, -11.0"
eqn_1138,quadratic/eqn_1138,"-0.5728, -2.5605"
eqn_1139,quadratic/eqn_1139,"19.0, -4.0"
eqn_1140,quadratic/eqn_1140,"0.8571, 0.0"
eqn_1141,quadratic/eqn_1141,"-0.2805, -4.5377"
eqn_1142,quadratic/eqn_1142,"11.0, -10.0"
eqn_1143,quadratic/eqn_1143,"1.1574, -1.824"
eqn_1144,quadratic/eqn_1144,"3.9641, -1.5641"
eqn_1145,quadratic/eqn_1145,"1.5534, -2.0828"
eqn_1146,quadratic/eqn_1146,"-0.6566, -22.8434"
eqn_1147,quadratic/eqn_1147,"0.4248, 0.1308"
eqn_1148,quadratic/eqn_1148,"-7.0, 8.0"
eqn_1149,quadratic/eqn_1149,"10.0, -33.0"
eqn_1150,quadratic/eqn_1150,"0.863, -1.738"
eqn_1151,quadratic/eqn_1151,"-3.0, -25.0"
eqn_1152,quadratic/eqn_1152,"-0.5, -1.0"
eqn_1153,quadratic/eqn_1153,"1.4655, -3.028"
eqn_1154,quadratic/eqn_1154,"2.967, -2.5125"
eqn_1155,quadratic/eqn_1155,"1.0941, -1.6566"
eqn_1156,quadratic/eqn_1156,"-0.9491, -7.5509"
eqn_1157,quadratic/eqn_1157,"0.5583, -0.3583"
eqn_1158,quadratic/eqn_1158,"-0.0876, -6.6624"
eqn_1159,quadratic/eqn_1159,"0.8229, -1.8229"
eqn_1160,quadratic/eqn_1160,"1.5, -3.0"
eqn_1161,quadratic/eqn_1161,"-0.3119, -10.6881"
eqn_1162,quadratic/eqn_1162,"0.7208, -1.3874"
eqn_1163,quadratic/eqn_1163,"-9.0, -35.0"
eqn_1164,quadratic/eqn_1164,"-0.6932, -20.5568"
eqn_1165,quadratic/eqn_1165,"14.0, -35.0"
eqn_1166,quadratic/eqn_1166,"0.8284, -4.8284"
eqn_1167,quadratic/eqn_1167,"1.0, 2.0"
eqn_1168,quadratic/eqn_1168,"1.3423, -1.9213"
eqn_1169,quadratic/eqn_1169,"-12.0, 4.0"
eqn_1170,quadratic/eqn_1170,"23.0, -34.0"
eqn_1171,quadratic/eqn_1171,"-2.1791, -4.3923"
eqn_1172,quadratic/eqn_1172,"0.618, -1.618"
eqn_1173,quadratic/eqn_1173,"0.5941, -3.9274"
eqn_1174,quadratic/eqn_1174,"-3.0, 9.0"
eqn_1175,quadratic/eqn_1175,"18.0, -29.0"
eqn_1176,quadratic/eqn_1176,"1.0, -5.0"
eqn_1177,quadratic/eqn_1177,"0.7071, -0.7071"
eqn_1178,quadratic/eqn_1178,"-11.0, -31.0"
eqn_1179,quadratic/eqn_1179,"6.0, -9.0"
eqn_1180,quadratic/eqn_1180,"-16.0, 15.0"
eqn_1181,quadratic/eqn_1181,"0.696, -2.5421"
eqn_1182,quadratic/eqn_1182,"-0.3441, -2.9059"
eqn_1183,quadratic/eqn_1183,"1.7656, -2.2656"
eqn_1184,quadratic/eqn_1184,"-0.5, -2.0"
eqn_1185,quadratic/eqn_1185,"2.4259, -1.3544"
eqn_1186,quadratic/eqn_1186,"17.0, -10.0"
eqn_1187,quadratic/eqn_1187,"0.3561, -2.1061"
eqn_1188,quadratic/eqn_1188,"-0.1032, -3.2301"
eqn_1189,quadratic/eqn_1189,"0.2749, -7.2749"
eqn_1190,quadratic/eqn_1190,"-4.0, 18.0"
eqn_1191,quadratic/eqn_1191,"2.7289, -1.4658"
eqn_1192,quadratic/eqn_1192,"19.0, 20.0"
eqn_1193,quadratic/eqn_1193,"1.0274, -0.9221"
eqn_1194,quadratic/eqn_1194,"-0.2138, -4.0528"
eqn_1195,quadratic/eqn_1195,"11.0, 21.0"
eqn_1196,quadratic/eqn_1196,"10.0, -4.0"
eqn_1197,quadratic/eqn_1197,"0.5678, -10.5678"
eqn_1198,quadratic/eqn_1198,"-1.0, 22.0"
eqn_1199,quadratic/eqn_1199,"0.0307, -10.864"
eqn_1200,quadratic/eqn_1200,"1.1196, -1.7863"
eqn_1201,quadratic/eqn_1201,"1.2144, -0.9203"
eqn_1202,quadratic/eqn_1202,"2.0, -27.0"
eqn_1203,quadratic/eqn_1203,"1.9016, -2.2349"
eqn_1204,quadratic/eqn_1204,"2.1073, -1.1073"
eqn_1205,quadratic/eqn_1205,"0.5352, -1.8685"
eqn_1206,quadratic/eqn_1206,"1.0282, -1.2157"
eqn_1207,quadratic/eqn_1207,"2.4569, -0.814"
eqn_1208,quadratic/eqn_1208,"4.0, -26.0"
eqn_1209,quadratic/eqn_1209,"2.9758, -1.8581"
eqn_1210,quadratic/eqn_1210,"-2.0, -31.0"
eqn_1211,quadratic/eqn_1211,"0.2365, -2.691"
eqn_1212,quadratic/eqn_1212,"-1.0, 23.0"
eqn_1213,quadratic/eqn_1213,"0.6049, -1.1312"
eqn_1214,quadratic/eqn_1214,"-11.0, -23.0"
eqn_1215,quadratic/eqn_1215,"2.7033, -0.3699"
eqn_1216,quadratic/eqn_1216,"-0.2614, -2.354"
eqn_1217,quadratic/eqn_1217,"-12.0, 1.0"
eqn_1218,quadratic/eqn_1218,"0.9321, -2.6821"
eqn_1219,quadratic/eqn_1219,"0.6762, -5.1762"
eqn_1220,quadratic/eqn_1220,"-1.0, -7.25"
eqn_1221,quadratic/eqn_1221,"6.0, -36.0"
eqn_1222,quadratic/eqn_1222,"1.4523, -2.869"
eqn_1223,quadratic/eqn_1223,"1.8953, -3.0953"
eqn_1224,quadratic/eqn_1224,"-0.3849, -4.2515"
eqn_1225,quadratic/eqn_1225,"-0.8853, -4.1147"
eqn_1226,quadratic/eqn_1226,"1.4495, -3.4495"
eqn_1227,quadratic/eqn_1227,"-12.0, -12.0"
eqn_1228,quadratic/eqn_1228,"-0.1187, -13.4813"
eqn_1229,quadratic/eqn_1229,"2.1953, -2.0953"
eqn_1230,quadratic/eqn_1230,"21.0, -18.0"
eqn_1231,quadratic/eqn_1231,"1.0, 16.0"
eqn_1232,quadratic/eqn_1232,"4.0, -1.0"
eqn_1233,quadratic/eqn_1233,"1.7638, -1.7638"
eqn_1234,quadratic/eqn_1234,"-0.4288, -7.8439"
eqn_1235,quadratic/eqn_1235,"17.0, -17.0"
eqn_1236,quadratic/eqn_1236,"-0.702, -4.9855"
eqn_1237,quadratic/eqn_1237,"-0.4475, -19.5525"
eqn_1238,quadratic/eqn_1238,"-0.7605, -1.5966"
eqn_1239,quadratic/eqn_1239,"-0.8348, -3.5938"
eqn_1240,quadratic/eqn_1240,"16.0, -15.0"
eqn_1241,quadratic/eqn_1241,"-0.4592, -7.9853"
eqn_1242,quadratic/eqn_1242,"2.0407, -2.6032"
eqn_1243,quadratic/eqn_1243,"2.618, 0.382"
eqn_1244,quadratic/eqn_1244,"1.0828, 0.071"
eqn_1245,quadratic/eqn_1245,"0.7746, -0.7746"
eqn_1246,quadratic/eqn_1246,"-0.1056, -1.8944"
eqn_1247,quadratic/eqn_1247,"-0.2137, -6.4786"
eqn_1248,quadratic/eqn_1248,"1.0676, -1.2176"
eqn_1249,quadratic/eqn_1249,"0.8692, -1.8166"
eqn_1250,quadratic/eqn_1250,"2.9, -2.0"
eqn_1251,quadratic/eqn_1251,"-15.0, 5.0"
eqn_1252,quadratic/eqn_1252,"-0.5, -2.0"
eqn_1253,quadratic/eqn_1253,"2.2472, -3.8836"
eqn_1254,quadratic/eqn_1254,"0.3874, -1.7208"
eqn_1255,quadratic/eqn_1255,"-14.0, -23.0"
eqn_1256,quadratic/eqn_1256,"2.2935, -1.6506"
eqn_1257,quadratic/eqn_1257,"-1.1954, -21.4713"
eqn_1258,quadratic/eqn_1258,"0.5, -2.0"
eqn_1259,quadratic/eqn_1259,"-14.0, -5.0"
eqn_1260,quadratic/eqn_1260,"1.5928, -1.1928"
eqn_1261,quadratic/eqn_1261,"12.0, -34.0"
eqn_1262,quadratic/eqn_1262,"1.2089, -1.7922"
eqn_1263,quadratic/eqn_1263,"0.5, -2.0"
eqn_1264,quadratic/eqn_1264,"7.0, -30.0"
eqn_1265,quadratic/eqn_1265,"-0.4572, -3.4178"
eqn_1266,quadratic/eqn_1266,"19.0, -3.0"
eqn_1267,quadratic/eqn_1267,"-0.9047, -7.2953"
eqn_1268,quadratic/eqn_1268,"2.4076, -1.4076"
eqn_1269,quadratic/eqn_1269,"5.0, -33.0"
eqn_1270,quadratic/eqn_1270,"-0.3467, -3.6533"
eqn_1271,quadratic/eqn_1271,"2.0, -1.0"
eqn_1272,quadratic/eqn_1272,"-12.0, -11.0"
eqn_1273,quadratic/eqn_1273,"0.8401, -2.3107"
eqn_1274,quadratic/eqn_1274,"-0.0697, -3.0731"
eqn_1275,quadratic/eqn_1275,"-13.0, -14.0"
eqn_1276,quadratic/eqn_1276,"0.0, -6.0"
eqn_1277,quadratic/eqn_1277,"1.135, -1.4684"
eqn_1278,quadratic/eqn_1278,"9.0, -21.0"
eqn_1279,quadratic/eqn_1279,"1.2947, -1.5447"
eqn_1280,quadratic/eqn_1280,"-0.1831, -4.2015"
eqn_1281,quadratic/eqn_1281,"-6.0, 14.0"
eqn_1282,quadratic/eqn_1282,"-0.8093, -9.3907"
eqn_1283,quadratic/eqn_1283,"12.0, -4.0"
eqn_1284,quadratic/eqn_1284,"0.2, 0.0"
eqn_1285,quadratic/eqn_1285,"10.0, 20.0"
eqn_1286,quadratic/eqn_1286,"0.7208, -1.3874"
eqn_1287,quadratic/eqn_1287,"1.9001, -1.6896"
eqn_1288,quadratic/eqn_1288,"23.0, 5.0"
eqn_1289,quadratic/eqn_1289,"16.0, 11.0"
eqn_1290,quadratic/eqn_1290,"0.044, -4.1349"
eqn_1291,quadratic/eqn_1291,"0.6596, -2.2051"
eqn_1292,quadratic/eqn_1292,"2.3052, -2.536"
eqn_1293,quadratic/eqn_1293,"0.3028, -3.3028"
eqn_1294,quadratic/eqn_1294,"0.393, -3.393"
eqn_1295,quadratic/eqn_1295,"11.0, -10.0"
eqn_1296,quadratic/eqn_1296,"2.0866, -2.6199"
eqn_1297,quadratic/eqn_1297,"1.921, -0.921"
eqn_1298,quadratic/eqn_1298,"0.7845, -1.7845"
eqn_1299,quadratic/eqn_1299,"2.3262, -1.5762"
eqn_1300,quadratic/eqn_1300,"2.0596, -1.5333"
eqn_1301,quadratic/eqn_1301,"0.5, -3.0"
eqn_1302,quadratic/eqn_1302,"9.0, -1.0"
eqn_1303,quadratic/eqn_1303,"0.7656, -3.2656"
eqn_1304,quadratic/eqn_1304,"2.884, -1.7022"
eqn_1305,quadratic/eqn_1305,"-2.441, -9.559"
eqn_1306,quadratic/eqn_1306,"2.5184, -1.5684"
eqn_1307,quadratic/eqn_1307,"1.8257, -1.8257"
eqn_1308,quadratic/eqn_1308,"1.8106, -1.9606"
eqn_1309,quadratic/eqn_1309,"0.0, -2.5"
eqn_1310,quadratic/eqn_1310,"-0.1367, -1.4633"
eqn_1311,quadratic/eqn_1311,"5.0, 23.0"
eqn_1312,quadratic/eqn_1312,"0.7913, -3.7913"
eqn_1313,quadratic/eqn_1313,"1.9477, -2.4092"
eqn_1314,quadratic/eqn_1314,"-0.7775, -21.2225"
eqn_1315,quadratic/eqn_1315,"0.2915, -10.2915"
eqn_1316,quadratic/eqn_1316,"-11.0, 5.0"
eqn_1317,quadratic/eqn_1317,"1.1815, -0.9673"
eqn_1318,quadratic/eqn_1318,"-0.101, -9.899"
eqn_1319,quadratic/eqn_1319,"23.0, -34.0"
eqn_1320,quadratic/eqn_1320,"1.0, -0.6"
eqn_1321,quadratic/eqn_1321,"-16.0, -27.0"
eqn_1322,quadratic/eqn_1322,"1.6017, -1.2487"
eqn_1323,quadratic/eqn_1323,"24.0, -25.0"
eqn_1324,quadratic/eqn_1324,"3.0, -10.0"
eqn_1325,quadratic/eqn_1325,"2.6186, -2.2436"
eqn_1326,quadratic/eqn_1326,"1.0, 0.5"
eqn_1327,quadratic/eqn_1327,"1.7374, 0.0959"
eqn_1328,quadratic/eqn_1328,"15.0, -6.0"
eqn_1329,quadratic/eqn_1329,"1.7334, -2.0191"
eqn_1330,quadratic/eqn_1330,"0.6793, -0.1338"
eqn_1331,quadratic/eqn_1331,"-0.6418, -14.9582"
eqn_1332,quadratic/eqn_1332,"0.5907, -2.2573"
eqn_1333,quadratic/eqn_1333,"25.0, 14.0"
eqn_1334,quadratic/eqn_1334,"0.0, -3.0"
eqn_1335,quadratic/eqn_1335,"-2.0, -32.0"
eqn_1336,quadratic/eqn_1336,"3.7288, -2.1455"
eqn_1337,quadratic/eqn_1337,"1.3699, -1.7033"
eqn_1338,quadratic/eqn_1338,"1.8299, -2.5222"
eqn_1339,quadratic/eqn_1339,"-1.7697, -2.5428"
eqn_1340,quadratic/eqn_1340,"-1.0, -5.8889"
eqn_1341,quadratic/eqn_1341,"2.2879, -1.6563"
eqn_1342,quadratic/eqn_1342,"0.2518, -2.8882"
eqn_1343,quadratic/eqn_1343,"1.7932, -2.5932"
eqn_1344,quadratic/eqn_1344,"0.0, -19.2"
eqn_1345,quadratic/eqn_1345,"-3.0, -25.0"
eqn_1346,quadratic/eqn_1346,"21.0, -12.0"
eqn_1347,quadratic/eqn_1347,"1.8508, -1.3508"
eqn_1348,quadratic/eqn_1348,"-10.0, -4.0"
eqn_1349,quadratic/eqn_1349,"1.0752, -2.3252"
eqn_1350,quadratic/eqn_1350,"0.5, -3.0"
eqn_1351,quadratic/eqn_1351,"-16.0, -12.0"
eqn_1352,quadratic/eqn_1352,"17.0, -23.0"
eqn_1353,quadratic/eqn_1353,"17.0, 9.0"
eqn_1354,quadratic/eqn_1354,"1.7417, -5.7417"
eqn_1355,quadratic/eqn_1355,"0.6325, -0.6325"
eqn_1356,quadratic/eqn_1356,"0.8229, -1.8229"
eqn_1357,quadratic/eqn_1357,"-14.0, -27.0"
eqn_1358,quadratic/eqn_1358,"-4.0, -5.0"
eqn_1359,quadratic/eqn_1359,"19.0, -19.0"
eqn_1360,quadratic/eqn_1360,"-0.4061, -3.6939"
eqn_1361,quadratic/eqn_1361,"16.0, -18.0"
eqn_1362,quadratic/eqn_1362,"0.0, -4.0"
eqn_1363,quadratic/eqn_1363,"-11.0, 9.0"
eqn_1364,quadratic/eqn_1364,"2.6239, -1.3512"
eqn_1365,quadratic/eqn_1365,"-0.0994, -16.1006"
eqn_1366,quadratic/eqn_1366,"-7.0, -1.0"
eqn_1367,quadratic/eqn_1367,"1.3821, -1.9446"
eqn_1368,quadratic/eqn_1368,"18.0, 12.0"
eqn_1369,quadratic/eqn_1369,"-0.0804, -1.7767"
eqn_1370,quadratic/eqn_1370,"1.4684, -1.135"
eqn_1371,quadratic/eqn_1371,"2.2078, -1.2078"
eqn_1372,quadratic/eqn_1372,"-0.7574, -9.2426"
eqn_1373,quadratic/eqn_1373,"13.0, -22.0"
eqn_1374,quadratic/eqn_1374,"-1.6277, -7.3723"
eqn_1375,quadratic/eqn_1375,"-1.5359, -8.4641"
eqn_1376,quadratic/eqn_1376,"-6.0, -7.0"
eqn_1377,quadratic/eqn_1377,"0.0662, -9.4412"
eqn_1378,quadratic/eqn_1378,"-11.0, -17.0"
eqn_1379,quadratic/eqn_1379,"-1.9398, -3.6602"
eqn_1380,quadratic/eqn_1380,"0.1805, -1.8471"
eqn_1381,quadratic/eqn_1381,"2.4725, -0.91"
eqn_1382,quadratic/eqn_1382,"1.5694, -2.9027"
eqn_1383,quadratic/eqn_1383,"0.9761, -3.1761"
eqn_1384,quadratic/eqn_1384,"-14.0, -23.0"
eqn_1385,quadratic/eqn_1385,"-1.0, -36.0"
eqn_1386,quadratic/eqn_1386,"-2.0, 20.0"
eqn_1387,quadratic/eqn_1387,"4.0, 19.0"
eqn_1388,quadratic/eqn_1388,"2.8034, -3.1034"
eqn_1389,quadratic/eqn_1389,"1.5775, -0.367"
eqn_1390,quadratic/eqn_1390,"0.7692, -2.0"
eqn_1391,quadratic/eqn_1391,"11.0, -7.0"
eqn_1392,quadratic/eqn_1392,"0.7321, -2.7321"
eqn_1393,quadratic/eqn_1393,"-10.0, -8.0"
eqn_1394,quadratic/eqn_1394,"11.0, -1.0"
eqn_1395,quadratic/eqn_1395,"-1.2396, -7.2604"
eqn_1396,quadratic/eqn_1396,"3.0, -21.0"
eqn_1397,quadratic/eqn_1397,"1.2038, -1.4538"
eqn_1398,quadratic/eqn_1398,"19.0, -2.0"
eqn_1399,quadratic/eqn_1399,"0.0984, -6.3484"
eqn_1400,quadratic/eqn_1400,"0.4382, -2.7382"
eqn_1401,quadratic/eqn_1401,"15.0, -22.0"
eqn_1402,quadratic/eqn_1402,"-0.7251, -8.2749"
eqn_1403,quadratic/eqn_1403,"-4.0, -18.0"
eqn_1404,quadratic/eqn_1404,"3.2957, -1.3957"
eqn_1405,quadratic/eqn_1405,"2.104, -0.7469"
eqn_1406,quadratic/eqn_1406,"1.7813, -1.1659"
eqn_1407,quadratic/eqn_1407,"2.9266, -2.6766"
eqn_1408,quadratic/eqn_1408,"17.0, -11.0"
eqn_1409,quadratic/eqn_1409,"0.9735, -2.7735"
eqn_1410,quadratic/eqn_1410,"-0.1569, -1.5931"
eqn_1411,quadratic/eqn_1411,"-0.084, -0.916"
eqn_1412,quadratic/eqn_1412,"-10.0, -34.0"
eqn_1413,quadratic/eqn_1413,"-15.0, 3.0"
eqn_1414,quadratic/eqn_1414,"2.6806, -1.9438"
eqn_1415,quadratic/eqn_1415,"3.0519, -0.8519"
eqn_1416,quadratic/eqn_1416,"1.7665, -3.5665"
eqn_1417,quadratic/eqn_1417,"-0.3599, -3.4735"
eqn_1418,quadratic/eqn_1418,"0.0667, 0.0"
eqn_1419,quadratic/eqn_1419,"-0.4289, -6.5711"
eqn_1420,quadratic/eqn_1420,"-1.0495, -9.6648"
eqn_1421,quadratic/eqn_1421,"1.0, -7.0"
eqn_1422,quadratic/eqn_1422,"1.0, 15.0"
eqn_1423,quadratic/eqn_1423,"-0.3476, -11.9857"
eqn_1424,quadratic/eqn_1424,"-1.5054, -16.8279"
eqn_1425,quadratic/eqn_1425,"-0.8118, -9.8549"
eqn_1426,quadratic/eqn_1426,"1.5427, -0.8427"
eqn_1427,quadratic/eqn_1427,"0.3218, -9.3218"
eqn_1428,quadratic/eqn_1428,"0.2573, -2.5907"
eqn_1429,quadratic/eqn_1429,"-0.2302, -3.4126"
eqn_1430,quadratic/eqn_1430,"22.0, 2.0"
eqn_1431,quadratic/eqn_1431,"-0.4286, -4.0"
eqn_1432,quadratic/eqn_1432,"1.1712, -1.9212"
eqn_1433,quadratic/eqn_1433,"14.0, 7.0"
eqn_1434,quadratic/eqn_1434,"6.0, 8.0"
eqn_1435,quadratic/eqn_1435,"0.0, -0.4"
eqn_1436,quadratic/eqn_1436,"-0.8295, -6.0276"
eqn_1437,quadratic/eqn_1437,"-15.0, -31.0"
eqn_1438,quadratic/eqn_1438,"-0.9839, -13.4161"
eqn_1439,quadratic/eqn_1439,"-1.8313, -3.0778"
eqn_1440,quadratic/eqn_1440,"0.6562, -1.1006"
eqn_1441,quadratic/eqn_1441,"3.1243, -2.8516"
eqn_1442,quadratic/eqn_1442,"0.133, -3.133"
eqn_1443,quadratic/eqn_1443,"1.6125, -2.9458"
eqn_1444,quadratic/eqn_1444,"-1.1282, -19.2052"
eqn_1445,quadratic/eqn_1445,"20.0, -1.0"
eqn_1446,quadratic/eqn_1446,"-0.2308, -7.0"
eqn_1447,quadratic/eqn_1447,"1.7976, -1.6397"
eqn_1448,quadratic/eqn_1448,"16.0, 3.0"
eqn_1449,quadratic/eqn_1449,"0.6937, -0.3604"
eqn_1450,quadratic/eqn_1450,"12.0, -4.0"
eqn_1451,quadratic/eqn_1451,"1.5565, -1.1565"
eqn_1452,quadratic/eqn_1452,"18.0, -34.0"
eqn_1453,quadratic/eqn_1453,"-0.0358, -20.9642"
eqn_1454,quadratic/eqn_1454,"-1.7435, -3.1137"
eqn_1455,quadratic/eqn_1455,"21.0, -29.0"
eqn_1456,quadratic/eqn_1456,"2.1624, -0.7988"
eqn_1457,quadratic/eqn_1457,"2.0288, -2.9574"
eqn_1458,quadratic/eqn_1458,"2.1018, -1.1018"
eqn_1459,quadratic/eqn_1459,"-0.5446, -7.3442"
eqn_1460,quadratic/eqn_1460,"2.466, -2.7517"
eqn_1461,quadratic/eqn_1461,"-1.2857, -4.0"
eqn_1462,quadratic/eqn_1462,"1.0817, -3.0817"
eqn_1463,quadratic/eqn_1463,"0.0, -8.0"
eqn_1464,quadratic/eqn_1464,"18.0, -21.0"
eqn_1465,quadratic/eqn_1465,"-0.8329, -14.1671"
eqn_1466,quadratic/eqn_1466,"1.0, 18.0"
eqn_1467,quadratic/eqn_1467,"-0.2217, -12.7783"
eqn_1468,quadratic/eqn_1468,"0.5333, 0.0"
eqn_1469,quadratic/eqn_1469,"1.25, -0.25"
eqn_1470,quadratic/eqn_1470,"1.8381, -1.0881"
eqn_1471,quadratic/eqn_1471,"1.5971, -2.7023"
eqn_1472,quadratic/eqn_1472,"1.0, -2.0"
eqn_1473,quadratic/eqn_1473,"25.0, 12.0"
eqn_1474,quadratic/eqn_1474,"0.5907, -2.2573"
eqn_1475,quadratic/eqn_1475,"0.6514, -1.1514"
eqn_1476,quadratic/eqn_1476,"-5.0, 5.0"
eqn_1477,quadratic/eqn_1477,"9.0, -19.0"
eqn_1478,quadratic/eqn_1478,"-3.0, -24.0"
eqn_1479,quadratic/eqn_1479,"0.508, -2.3262"
eqn_1480,quadratic/eqn_1480,"-0.2423, -18.1577"
eqn_1481,quadratic/eqn_1481,"0.0949, -4.8641"
eqn_1482,quadratic/eqn_1482,"19.0, -21.0"
eqn_1483,quadratic/eqn_1483,"-10.0, -33.0"
eqn_1484,quadratic/eqn_1484,"1.2947, -1.5447"
eqn_1485,quadratic/eqn_1485,"3.8473, -2.5473"
eqn_1486,quadratic/eqn_1486,"-0.6348, -6.4763"
eqn_1487,quadratic/eqn_1487,"-1.2314, -4.1686"
eqn_1488,quadratic/eqn_1488,"19.0, -6.0"
eqn_1489,quadratic/eqn_1489,"0.1461, -5.6006"
eqn_1490,quadratic/eqn_1490,"18.0, 16.0"
eqn_1491,quadratic/eqn_1491,"-0.4531, -1.2612"
eqn_1492,quadratic/eqn_1492,"1.2361, -3.2361"
eqn_1493,quadratic/eqn_1493,"12.0, 24.0"
eqn_1494,quadratic/eqn_1494,"4.4305, 0.9028"
eqn_1495,quadratic/eqn_1495,"1.1861, -1.6861"
eqn_1496,quadratic/eqn_1496,"0.0, -4.0"
eqn_1497,quadratic/eqn_1497,"-7.0, 2.0"
eqn_1498,quadratic/eqn_1498,"25.0, -5.0"
eqn_1499,quadratic/eqn_1499,"5.0, 21.0"
eqn_1500,quadratic/eqn_1500,"-1.1828, -4.0394"
eqn_1501,quadratic/eqn_1501,"1.6843, -1.4843"
eqn_1502,quadratic/eqn_1502,"-0.3673, -7.1782"
eqn_1503,quadratic/eqn_1503,"-12.0, -36.0"
eqn_1504,quadratic/eqn_1504,"0.6103, -3.277"
eqn_1505,quadratic/eqn_1505,"0.7321, -2.7321"
eqn_1506,quadratic/eqn_1506,"22.0, -36.0"
eqn_1507,quadratic/eqn_1507,"0.9221, -5.4221"
eqn_1508,quadratic/eqn_1508,"-10.0, -24.0"
eqn_1509,quadratic/eqn_1509,"22.0, -15.0"
eqn_1510,quadratic/eqn_1510,"-1.9149, -5.9184"
eqn_1511,quadratic/eqn_1511,"2.7436, -1.4579"
eqn_1512,quadratic/eqn_1512,"13.0, -15.0"
eqn_1513,quadratic/eqn_1513,"-0.2597, -1.5403"
eqn_1514,quadratic/eqn_1514,"1.1865, -2.8294"
eqn_1515,quadratic/eqn_1515,"2.1476, -1.6142"
eqn_1516,quadratic/eqn_1516,"3.0133, -1.7008"
eqn_1517,quadratic/eqn_1517,"2.0, -2.0"
eqn_1518,quadratic/eqn_1518,"0.3333, -3.0"
eqn_1519,quadratic/eqn_1519,"1.6536, -2.1991"
eqn_1520,quadratic/eqn_1520,"0.6, -1.0"
eqn_1521,quadratic/eqn_1521,"21.0, 23.0"
eqn_1522,quadratic/eqn_1522,"1.0843, -0.8737"
eqn_1523,quadratic/eqn_1523,"-1.673, -2.7645"
eqn_1524,quadratic/eqn_1524,"0.0, -13.4"
eqn_1525,quadratic/eqn_1525,"-0.0186, -3.5814"
eqn_1526,quadratic/eqn_1526,"8.0, 11.0"
eqn_1527,quadratic/eqn_1527,"1.9073, -2.6216"
eqn_1528,quadratic/eqn_1528,"-1.5691, -2.8925"
eqn_1529,quadratic/eqn_1529,"1.7417, -5.7417"
eqn_1530,quadratic/eqn_1530,"0.7266, -1.9266"
eqn_1531,quadratic/eqn_1531,"15.0, -34.0"
eqn_1532,quadratic/eqn_1532,"10.0, -30.0"
eqn_1533,quadratic/eqn_1533,"-7.0, -1.0"
eqn_1534,quadratic/eqn_1534,"-0.6505, -6.1495"
eqn_1535,quadratic/eqn_1535,"2.9166, -2.532"
eqn_1536,quadratic/eqn_1536,"2.5568, -1.3804"
eqn_1537,quadratic/eqn_1537,"8.0, -22.0"
eqn_1538,quadratic/eqn_1538,"2.0, -1.6667"
eqn_1539,quadratic/eqn_1539,"-0.6042, -14.8958"
eqn_1540,quadratic/eqn_1540,"-4.0, 4.0"
eqn_1541,quadratic/eqn_1541,"1.344, -0.744"
eqn_1542,quadratic/eqn_1542,"2.9087, -1.6944"
eqn_1543,quadratic/eqn_1543,"3.0, -1.0"
eqn_1544,quadratic/eqn_1544,"-2.0, -2.2"
eqn_1545,quadratic/eqn_1545,"1.4518, -0.2296"
eqn_1546,quadratic/eqn_1546,"12.0, -31.0"
eqn_1547,quadratic/eqn_1547,"-0.7733, -11.0838"
eqn_1548,quadratic/eqn_1548,"0.6524, -2.4524"
eqn_1549,quadratic/eqn_1549,"-0.0968, -3.6889"
eqn_1550,quadratic/eqn_1550,"20.0, 21.0"
eqn_1551,quadratic/eqn_1551,"-0.3054, -5.8946"
eqn_1552,quadratic/eqn_1552,"0.6533, -7.6533"
eqn_1553,quadratic/eqn_1553,"1.8009, -1.2295"
eqn_1554,quadratic/eqn_1554,"1.7168, -1.7168"
eqn_1555,quadratic/eqn_1555,"0.7122, -4.2122"
eqn_1556,quadratic/eqn_1556,"-1.1076, -10.2924"
eqn_1557,quadratic/eqn_1557,"-0.4806, -5.3319"
eqn_1558,quadratic/eqn_1558,"0.3117, -4.8117"
eqn_1559,quadratic/eqn_1559,"0.0, -1.8"
eqn_1560,quadratic/eqn_1560,"2.0751, -1.1339"
eqn_1561,quadratic/eqn_1561,"0.0219, -7.0219"
eqn_1562,quadratic/eqn_1562,"0.75, 0.0"
eqn_1563,quadratic/eqn_1563,"0.3904, -0.6404"
eqn_1564,quadratic/eqn_1564,"1.3768, -0.3268"
eqn_1565,quadratic/eqn_1565,"-16.0, -18.0"
eqn_1566,quadratic/eqn_1566,"1.0, -0.3158"
eqn_1567,quadratic/eqn_1567,"0.7338, -0.7338"
eqn_1568,quadratic/eqn_1568,"-0.9285, -6.3792"
eqn_1569,quadratic/eqn_1569,"-9.0, -18.0"
eqn_1570,quadratic/eqn_1570,"0.1547, -2.1547"
eqn_1571,quadratic/eqn_1571,"2.0972, -1.4305"
eqn_1572,quadratic/eqn_1572,"-1.1866, -8.1468"
eqn_1573,quadratic/eqn_1573,"-0.7829, -14.8171"
eqn_1574,quadratic/eqn_1574,"0.0, -1.0833"
eqn_1575,quadratic/eqn_1575,"-2.0, -24.0"
eqn_1576,quadratic/eqn_1576,"1.848, -2.848"
eqn_1577,quadratic/eqn_1577,"-1.0816, -7.8073"
eqn_1578,quadratic/eqn_1578,"0.0, -1.6667"
eqn_1579,quadratic/eqn_1579,"-0.1802, -2.2198"
eqn_1580,quadratic/eqn_1580,"-0.185, -15.315"
eqn_1581,quadratic/eqn_1581,"0.618, -1.618"
eqn_1582,quadratic/eqn_1582,"1.4372, -0.8056"
eqn_1583,quadratic/eqn_1583,"1.3746, -2.7079"
eqn_1584,quadratic/eqn_1584,"1.7884, -2.7259"
eqn_1585,quadratic/eqn_1585,"-0.1086, -12.8914"
eqn_1586,quadratic/eqn_1586,"1.2091, 0.1034"
eqn_1587,quadratic/eqn_1587,"-0.1378, -6.2193"
eqn_1588,quadratic/eqn_1588,"-0.5704, -16.8296"
eqn_1589,quadratic/eqn_1589,"-0.0566, -2.9434"
eqn_1590,quadratic/eqn_1590,"0.9271, -2.4271"
eqn_1591,quadratic/eqn_1591,"-0.5265, -4.036"
eqn_1592,quadratic/eqn_1592,"-10.0, -8.0"
eqn_1593,quadratic/eqn_1593,"2.7094, -1.4236"
eqn_1594,quadratic/eqn_1594,"0.7386, -4.7386"
eqn_1595,quadratic/eqn_1595,"-1.2105, -5.0203"
eqn_1596,quadratic/eqn_1596,"1.1861, -1.6861"
eqn_1597,quadratic/eqn_1597,"-1.1511, -5.2126"
eqn_1598,quadratic/eqn_1598,"20.0, -30.0"
eqn_1599,quadratic/eqn_1599,"2.3611, -2.8996"
eqn_1600,quadratic/eqn_1600,"0.2839, -5.2839"
eqn_1601,quadratic/eqn_1601,"0.5255, -1.2314"
eqn_1602,quadratic/eqn_1602,"1.0, -1.4167"
eqn_1603,quadratic/eqn_1603,"2.1884, -2.8248"
eqn_1604,quadratic/eqn_1604,"1.8096, -1.3978"
eqn_1605,quadratic/eqn_1605,"0.366, -1.366"
eqn_1606,quadratic/eqn_1606,"0.7787, -5.7787"
eqn_1607,quadratic/eqn_1607,"2.1563, -3.7563"
eqn_1608,quadratic/eqn_1608,"-0.2097, -5.7903"
eqn_1609,quadratic/eqn_1609,"0.0, -2.5"
eqn_1610,quadratic/eqn_1610,"-0.7682, -11.0652"
eqn_1611,quadratic/eqn_1611,"1.0874, -1.2874"
eqn_1612,quadratic/eqn_1612,"3.3463, -1.813"
eqn_1613,quadratic/eqn_1613,"-0.0115, -5.7885"
eqn_1614,quadratic/eqn_1614,"20.0, -33.0"
eqn_1615,quadratic/eqn_1615,"19.0, -21.0"
eqn_1616,quadratic/eqn_1616,"2.5376, -2.2519"
eqn_1617,quadratic/eqn_1617,"3.3299, -2.5117"
eqn_1618,quadratic/eqn_1618,"0.618, -1.618"
eqn_1619,quadratic/eqn_1619,"0.9416, -0.1416"
eqn_1620,quadratic/eqn_1620,"0.2287, -0.7287"
eqn_1621,quadratic/eqn_1621,"-15.0, -21.0"
eqn_1622,quadratic/eqn_1622,"-2.0, 8.0"
eqn_1623,quadratic/eqn_1623,"-1.3112, -6.3555"
eqn_1624,quadratic/eqn_1624,"0.0584, -7.7857"
eqn_1625,quadratic/eqn_1625,"-2.0, -3.0"
eqn_1626,quadratic/eqn_1626,"2.5, -2.0"
eqn_1627,quadratic/eqn_1627,"23.0, 1.0"
eqn_1628,quadratic/eqn_1628,"-0.177, -10.0452"
eqn_1629,quadratic/eqn_1629,"1.602, -1.7686"
eqn_1630,quadratic/eqn_1630,"0.849, -1.649"
eqn_1631,quadratic/eqn_1631,"0.744, -1.344"
eqn_1632,quadratic/eqn_1632,"0.0, -11.1429"
eqn_1633,quadratic/eqn_1633,"25.0, -12.0"
eqn_1634,quadratic/eqn_1634,"-0.6738, -2.2262"
eqn_1635,quadratic/eqn_1635,"0.4271, -2.9271"
eqn_1636,quadratic/eqn_1636,"1.0972, -2.4305"
eqn_1637,quadratic/eqn_1637,"0.0, -2.25"
eqn_1638,quadratic/eqn_1638,"1.0, -1.1667"
eqn_1639,quadratic/eqn_1639,"-1.0, -5.0"
eqn_1640,quadratic/eqn_1640,"8.0, 10.0"
eqn_1641,quadratic/eqn_1641,"1.3177, -1.5177"
eqn_1642,quadratic/eqn_1642,"18.0, 4.0"
eqn_1643,quadratic/eqn_1643,"-2.0, -1.0"
eqn_1644,quadratic/eqn_1644,"-1.4949, -17.8384"
eqn_1645,quadratic/eqn_1645,"1.0588, -2.0"
eqn_1646,quadratic/eqn_1646,"0.5811, -2.5811"
eqn_1647,quadratic/eqn_1647,"0.2122, -4.7122"
eqn_1648,quadratic/eqn_1648,"2.2078, -1.2078"
eqn_1649,quadratic/eqn_1649,"2.3767, -2.3142"
eqn_1650,quadratic/eqn_1650,"1.6787, -0.1787"
eqn_1651,quadratic/eqn_1651,"1.2827, -2.0952"
eqn_1652,quadratic/eqn_1652,"7.0, 18.0"
eqn_1653,quadratic/eqn_1653,"-15.0, 2.0"
eqn_1654,quadratic/eqn_1654,"-0.3333, -3.0"
eqn_1655,quadratic/eqn_1655,"-0.1198, -6.6802"
eqn_1656,quadratic/eqn_1656,"-0.2299, -5.4367"
eqn_1657,quadratic/eqn_1657,"-0.7918, -20.2082"
eqn_1658,quadratic/eqn_1658,"-0.4112, -3.316"
eqn_1659,quadratic/eqn_1659,"1.9249, -3.3249"
eqn_1660,quadratic/eqn_1660,"8.0, -28.0"
eqn_1661,quadratic/eqn_1661,"1.0166, -2.0166"
eqn_1662,quadratic/eqn_1662,"1.099, -9.099"
eqn_1663,quadratic/eqn_1663,"-4.0, 18.0"
eqn_1664,quadratic/eqn_1664,"2.5616, -1.5616"
eqn_1665,quadratic/eqn_1665,"0.1322, -15.1322"
eqn_1666,quadratic/eqn_1666,"0.0, -1.5"
eqn_1667,quadratic/eqn_1667,"0.0133, -4.7008"
eqn_1668,quadratic/eqn_1668,"0.0654, -3.3987"
eqn_1669,quadratic/eqn_1669,"-0.7692, -1.0"
eqn_1670,quadratic/eqn_1670,"-5.0, 10.0"
eqn_1671,quadratic/eqn_1671,"-1.5858, -4.4142"
eqn_1672,quadratic/eqn_1672,"4.0, -36.0"
eqn_1673,quadratic/eqn_1673,"0.8161, -1.3786"
eqn_1674,quadratic/eqn_1674,"14.0, 16.0"
eqn_1675,quadratic/eqn_1675,"-11.0, -2.0"
eqn_1676,quadratic/eqn_1676,"1.8119, -1.9172"
eqn_1677,quadratic/eqn_1677,"-0.1459, -6.8541"
eqn_1678,quadratic/eqn_1678,"19.0, 9.0"
eqn_1679,quadratic/eqn_1679,"-0.0233, -10.7267"
eqn_1680,quadratic/eqn_1680,"-13.0, -21.0"
eqn_1681,quadratic/eqn_1681,"0.0, -1.0"
eqn_1682,quadratic/eqn_1682,"0.0545, -7.0545"
eqn_1683,quadratic/eqn_1683,"7.0, -19.0"
eqn_1684,quadratic/eqn_1684,"0.053, -8.3863"
eqn_1685,quadratic/eqn_1685,"4.0, 16.0"
eqn_1686,quadratic/eqn_1686,"-9.0, -22.0"
eqn_1687,quadratic/eqn_1687,"-14.0, -30.0"
eqn_1688,quadratic/eqn_1688,"-0.1161, -5.3839"
eqn_1689,quadratic/eqn_1689,"-3.0, -5.0"
eqn_1690,quadratic/eqn_1690,"-0.4123, -10.1877"
eqn_1691,quadratic/eqn_1691,"0.5774, -0.5774"
eqn_1692,quadratic/eqn_1692,"1.1827, -2.6493"
eqn_1693,quadratic/eqn_1693,"-1.0, -9.0"
eqn_1694,quadratic/eqn_1694,"0.5, -2.0"
eqn_1695,quadratic/eqn_1695,"2.5444, -2.3301"
eqn_1696,quadratic/eqn_1696,"-0.905, -1.6575"
eqn_1697,quadratic/eqn_1697,"1.0, 25.0"
eqn_1698,quadratic/eqn_1698,"2.8284, -2.8284"
eqn_1699,quadratic/eqn_1699,"1.8791, -3.7252"
eqn_1700,quadratic/eqn_1700,"-1.015, -6.5684"
eqn_1701,quadratic/eqn_1701,"0.7808, -1.2808"
eqn_1702,quadratic/eqn_1702,"-3.0, -9.0"
eqn_1703,quadratic/eqn_1703,"15.0, -32.0"
eqn_1704,quadratic/eqn_1704,"1.3416, -1.3416"
eqn_1705,quadratic/eqn_1705,"-0.4827, -6.0558"
eqn_1706,quadratic/eqn_1706,"-0.8389, -9.5361"
eqn_1707,quadratic/eqn_1707,"-1.5, -2.0"
eqn_1708,quadratic/eqn_1708,"0.7808, -1.2808"
eqn_1709,quadratic/eqn_1709,"0.25, 0.0"
eqn_1710,quadratic/eqn_1710,"-0.1832, -7.7335"
eqn_1711,quadratic/eqn_1711,"-16.0, 17.0"
eqn_1712,quadratic/eqn_1712,"-1.0, -1.3636"
eqn_1713,quadratic/eqn_1713,"0.0981, -5.0981"
eqn_1714,quadratic/eqn_1714,"0.0, -1.6"
eqn_1715,quadratic/eqn_1715,"1.2038, -1.4538"
eqn_1716,quadratic/eqn_1716,"1.2038, -1.4538"
eqn_1717,quadratic/eqn_1717,"0.5678, -10.5678"
eqn_1718,quadratic/eqn_1718,"1.9013, -3.068"
eqn_1719,quadratic/eqn_1719,"-0.9342, -6.0658"
eqn_1720,quadratic/eqn_1720,"-0.0597, -27.9403"
eqn_1721,quadratic/eqn_1721,"5.0, -9.0"
eqn_1722,quadratic/eqn_1722,"1.7393, -2.156"
eqn_1723,quadratic/eqn_1723,"-0.1847, -0.3867"
eqn_1724,quadratic/eqn_1724,"-4.0, 10.0"
eqn_1725,quadratic/eqn_1725,"0.0, -2.8667"
eqn_1726,quadratic/eqn_1726,"0.6103, -3.277"
eqn_1727,quadratic/eqn_1727,"-0.2825, -19.4675"
eqn_1728,quadratic/eqn_1728,"-0.2198, -16.3802"
eqn_1729,quadratic/eqn_1729,"-0.0236, -12.1193"
eqn_1730,quadratic/eqn_1730,"3.0, -1.5882"
eqn_1731,quadratic/eqn_1731,"-14.0, 7.0"
eqn_1732,quadratic/eqn_1732,"-0.3241, -12.3426"
eqn_1733,quadratic/eqn_1733,"1.0817, -3.0817"
eqn_1734,quadratic/eqn_1734,"-13.0, 7.0"
eqn_1735,quadratic/eqn_1735,"1.9802, -0.6645"
eqn_1736,quadratic/eqn_1736,"11.0, -15.0"
eqn_1737,quadratic/eqn_1737,"1.4574, -0.4574"
eqn_1738,quadratic/eqn_1738,"-1.0, -31.0"
eqn_1739,quadratic/eqn_1739,"-0.0147, -22.652"
eqn_1740,quadratic/eqn_1740,"-0.4648, -2.8685"
eqn_1741,quadratic/eqn_1741,"19.0, -3.0"
eqn_1742,quadratic/eqn_1742,"0.8616, -2.6116"
eqn_1743,quadratic/eqn_1743,"-0.4568, -11.2574"
eqn_1744,quadratic/eqn_1744,"0.8747, -1.8158"
eqn_1745,quadratic/eqn_1745,"-9.0, -9.0"
eqn_1746,quadratic/eqn_1746,"-1.49, -5.0814"
eqn_1747,quadratic/eqn_1747,"2.0966, -0.8744"
eqn_1748,quadratic/eqn_1748,"1.6748, -1.0748"
eqn_1749,quadratic/eqn_1749,"-0.7387, -4.0613"
eqn_1750,quadratic/eqn_1750,"0.4472, -0.4472"
eqn_1751,quadratic/eqn_1751,"20.0, -17.0"
eqn_1752,quadratic/eqn_1752,"0.4415, -3.7749"
eqn_1753,quadratic/eqn_1753,"-0.0351, -6.5803"
eqn_1754,quadratic/eqn_1754,"3.8687, -2.2324"
eqn_1755,quadratic/eqn_1755,"0.9136, -1.3136"
eqn_1756,quadratic/eqn_1756,"2.7362, -1.7889"
eqn_1757,quadratic/eqn_1757,"-0.0831, -6.0169"
eqn_1758,quadratic/eqn_1758,"8.0, -27.0"
eqn_1759,quadratic/eqn_1759,"5.0, 10.0"
eqn_1760,quadratic/eqn_1760,"0.0849, -16.4849"
eqn_1761,quadratic/eqn_1761,"0.0, -5.75"
eqn_1762,quadratic/eqn_1762,"-14.0, -32.0"
eqn_1763,quadratic/eqn_1763,"0.8284, -4.8284"
eqn_1764,quadratic/eqn_1764,"2.1893, -1.5226"
eqn_1765,quadratic/eqn_1765,"12.0, -17.0"
eqn_1766,quadratic/eqn_1766,"0.6116, -2.8616"
eqn_1767,quadratic/eqn_1767,"0.1237, -12.1237"
eqn_1768,quadratic/eqn_1768,"-1.453, -5.047"
eqn_1769,quadratic/eqn_1769,"-1.1659, -4.2887"
eqn_1770,quadratic/eqn_1770,"1.2995, -0.855"
eqn_1771,quadratic/eqn_1771,"1.9434, -1.1199"
eqn_1772,quadratic/eqn_1772,"16.0, 5.0"
eqn_1773,quadratic/eqn_1773,"0.9185, -2.0685"
eqn_1774,quadratic/eqn_1774,"1.3188, -2.4855"
eqn_1775,quadratic/eqn_1775,"1.7397, -2.432"
eqn_1776,quadratic/eqn_1776,"2.1893, -1.5226"
eqn_1777,quadratic/eqn_1777,"1.4055, -2.2055"
eqn_1778,quadratic/eqn_1778,"0.4806, -2.0806"
eqn_1779,quadratic/eqn_1779,"22.0, 18.0"
eqn_1780,quadratic/eqn_1780,"24.0, 24.0"
eqn_1781,quadratic/eqn_1781,"19.0, 6.0"
eqn_1782,quadratic/eqn_1782,"0.6798, -1.0298"
eqn_1783,quadratic/eqn_1783,"-12.0, 7.0"
eqn_1784,quadratic/eqn_1784,"0.6742, -1.5973"
eqn_1785,quadratic/eqn_1785,"1.1689, -1.3689"
eqn_1786,quadratic/eqn_1786,"1.4365, -2.4365"
eqn_1787,quadratic/eqn_1787,"0.8601, -1.8601"
eqn_1788,quadratic/eqn_1788,"-0.9618, -7.5382"
eqn_1789,quadratic/eqn_1789,"2.0571, -1.8905"
eqn_1790,quadratic/eqn_1790,"1.6547, -2.0547"
eqn_1791,quadratic/eqn_1791,"-0.2103, -4.0754"
eqn_1792,quadratic/eqn_1792,"0.5353, -2.7171"
eqn_1793,quadratic/eqn_1793,"-16.0, -9.0"
eqn_1794,quadratic/eqn_1794,"1.3508, -1.8508"
eqn_1795,quadratic/eqn_1795,"0.7676, -0.4343"
eqn_1796,quadratic/eqn_1796,"1.5657, -0.8782"
eqn_1797,quadratic/eqn_1797,"23.0, -1.0"
eqn_1798,quadratic/eqn_1798,"0.5393, -0.206"
eqn_1799,quadratic/eqn_1799,"1.7707, -1.2707"
eqn_1800,quadratic/eqn_1800,"0.5, -3.0"
eqn_1801,quadratic/eqn_1801,"2.0556, -2.0"
eqn_1802,quadratic/eqn_1802,"1.0, 0.7273"
eqn_1803,quadratic/eqn_1803,"-0.706, -6.5667"
eqn_1804,quadratic/eqn_1804,"3.2361, -1.2361"
eqn_1805,quadratic/eqn_1805,"2.3041, -1.462"
eqn_1806,quadratic/eqn_1806,"-0.3446, -10.1554"
eqn_1807,quadratic/eqn_1807,"0.4614, -1.4025"
eqn_1808,quadratic/eqn_1808,"-14.0, -20.0"
eqn_1809,quadratic/eqn_1809,"19.0, -18.0"
eqn_1810,quadratic/eqn_1810,"-0.1339, -29.8661"
eqn_1811,quadratic/eqn_1811,"1.5, -1.0"
eqn_1812,quadratic/eqn_1812,"1.1537, -2.2537"
eqn_1813,quadratic/eqn_1813,"2.4168, -3.235"
eqn_1814,quadratic/eqn_1814,"0.0, -1.5"
eqn_1815,quadratic/eqn_1815,"17.0, -27.0"
eqn_1816,quadratic/eqn_1816,"2.9871, -1.8621"
eqn_1817,quadratic/eqn_1817,"-2.7351, -5.2649"
eqn_1818,quadratic/eqn_1818,"2.0, 21.0"
eqn_1819,quadratic/eqn_1819,"-0.8353, -15.1647"
eqn_1820,quadratic/eqn_1820,"-1.5, -3.0"
eqn_1821,quadratic/eqn_1821,"2.7848, -2.0348"
eqn_1822,quadratic/eqn_1822,"20.0, -28.0"
eqn_1823,quadratic/eqn_1823,"1.3028, -2.3028"
eqn_1824,quadratic/eqn_1824,"-0.2606, -6.1394"
eqn_1825,quadratic/eqn_1825,"0.633, -2.633"
eqn_1826,quadratic/eqn_1826,"-12.0, 4.0"
eqn_1827,quadratic/eqn_1827,"1.2377, -1.571"
eqn_1828,quadratic/eqn_1828,"0.7165, -1.1165"
eqn_1829,quadratic/eqn_1829,"-0.6744, -4.2631"
eqn_1830,quadratic/eqn_1830,"-0.4361, -12.2306"
eqn_1831,quadratic/eqn_1831,"0.3452, -4.3452"
eqn_1832,quadratic/eqn_1832,"-0.8948, -8.6052"
eqn_1833,quadratic/eqn_1833,"1.6558, -3.1263"
eqn_1834,quadratic/eqn_1834,"-0.8363, -10.1637"
eqn_1835,quadratic/eqn_1835,"1.0811, -2.0811"
eqn_1836,quadratic/eqn_1836,"0.5414, -5.5414"
eqn_1837,quadratic/eqn_1837,"-1.3355, -14.4145"
eqn_1838,quadratic/eqn_1838,"1.6282, -2.1837"
eqn_1839,quadratic/eqn_1839,"2.6305, -1.059"
eqn_1840,quadratic/eqn_1840,"0.1263, -7.1263"
eqn_1841,quadratic/eqn_1841,"0.3069, -2.6069"
eqn_1842,quadratic/eqn_1842,"1.0, -0.25"
eqn_1843,quadratic/eqn_1843,"1.6597, -1.5264"
eqn_1844,quadratic/eqn_1844,"0.0, -5.8"
eqn_1845,quadratic/eqn_1845,"-0.1492, -3.3508"
eqn_1846,quadratic/eqn_1846,"-0.9432, -4.5234"
eqn_1847,quadratic/eqn_1847,"0.899, -8.899"
eqn_1848,quadratic/eqn_1848,"1.3956, -0.8956"
eqn_1849,quadratic/eqn_1849,"-1.1358, -8.3642"
eqn_1850,quadratic/eqn_1850,"0.1514, -1.6514"
eqn_1851,quadratic/eqn_1851,"0.6329, -2.0447"
eqn_1852,quadratic/eqn_1852,"-1.4421, -3.1204"
eqn_1853,quadratic/eqn_1853,"0.8042, -1.5542"
eqn_1854,quadratic/eqn_1854,"4.0, 3.0"
eqn_1855,quadratic/eqn_1855,"0.6533, -7.6533"
eqn_1856,quadratic/eqn_1856,"-0.7597, -2.5131"
eqn_1857,quadratic/eqn_1857,"3.8556, -1.7723"
eqn_1858,quadratic/eqn_1858,"14.0, 3.0"
eqn_1859,quadratic/eqn_1859,"24.0, -8.0"
eqn_1860,quadratic/eqn_1860,"0.2475, -4.8475"
eqn_1861,quadratic/eqn_1861,"-14.0, 9.0"
eqn_1862,quadratic/eqn_1862,"1.0811, -2.0811"
eqn_1863,quadratic/eqn_1863,"2.3028, -1.3028"
eqn_1864,quadratic/eqn_1864,"3.6986, -2.335"
eqn_1865,quadratic/eqn_1865,"11.0, 25.0"
eqn_1866,quadratic/eqn_1866,"-0.5359, -7.4641"
eqn_1867,quadratic/eqn_1867,"1.618, -0.618"
eqn_1868,quadratic/eqn_1868,"1.0, -0.3333"
eqn_1869,quadratic/eqn_1869,"-1.4213, -8.912"
eqn_1870,quadratic/eqn_1870,"0.1073, -3.1073"
eqn_1871,quadratic/eqn_1871,"-0.2929, -1.7071"
eqn_1872,quadratic/eqn_1872,"0.3689, -2.1689"
eqn_1873,quadratic/eqn_1873,"-0.2692, -4.953"
eqn_1874,quadratic/eqn_1874,"3.3028, -0.3028"
eqn_1875,quadratic/eqn_1875,"0.2434, -1.6434"
eqn_1876,quadratic/eqn_1876,"14.0, -10.0"
eqn_1877,quadratic/eqn_1877,"11.0, -25.0"
eqn_1878,quadratic/eqn_1878,"25.0, 10.0"
eqn_1879,quadratic/eqn_1879,"-0.7279, -6.7166"
eqn_1880,quadratic/eqn_1880,"-13.0, -14.0"
eqn_1881,quadratic/eqn_1881,"2.3881, -3.3881"
eqn_1882,quadratic/eqn_1882,"1.0, -3.0"
eqn_1883,quadratic/eqn_1883,"-0.3017, -14.365"
eqn_1884,quadratic/eqn_1884,"2.8333, -1.5"
eqn_1885,quadratic/eqn_1885,"-1.7029, -3.9637"
eqn_1886,quadratic/eqn_1886,"21.0, 23.0"
eqn_1887,quadratic/eqn_1887,"-1.5314, -9.4686"
eqn_1888,quadratic/eqn_1888,"-8.0, -1.0"
eqn_1889,quadratic/eqn_1889,"0.327, -0.7645"
eqn_1890,quadratic/eqn_1890,"0.57, -3.07"
eqn_1891,quadratic/eqn_1891,"-1.0, -28.0"
eqn_1892,quadratic/eqn_1892,"1.4574, -0.4574"
eqn_1893,quadratic/eqn_1893,"2.7928, -2.7928"
eqn_1894,quadratic/eqn_1894,"17.0, -11.0"
eqn_1895,quadratic/eqn_1895,"-0.5, -3.0"
eqn_1896,quadratic/eqn_1896,"-0.0197, -5.647"
eqn_1897,quadratic/eqn_1897,"8.0, -20.0"
eqn_1898,quadratic/eqn_1898,"-12.0, 12.0"
eqn_1899,quadratic/eqn_1899,"0.8054, -4.1387"
eqn_1900,quadratic/eqn_1900,"20.0, -20.0"
eqn_1901,quadratic/eqn_1901,"0.3068, -1.164"
eqn_1902,quadratic/eqn_1902,"11.0, 12.0"
eqn_1903,quadratic/eqn_1903,"3.4828, -2.0982"
eqn_1904,quadratic/eqn_1904,"-8.0, -35.0"
eqn_1905,quadratic/eqn_1905,"-0.127, -7.873"
eqn_1906,quadratic/eqn_1906,"-1.2022, -4.2978"
eqn_1907,quadratic/eqn_1907,"0.4241, -1.8527"
eqn_1908,quadratic/eqn_1908,"1.4359, -1.0241"
eqn_1909,quadratic/eqn_1909,"-0.9632, -6.4368"
eqn_1910,quadratic/eqn_1910,"1.3229, -1.3229"
eqn_1911,quadratic/eqn_1911,"1.2867, -0.4534"
eqn_1912,quadratic/eqn_1912,"1.2569, -0.5569"
eqn_1913,quadratic/eqn_1913,"-11.0, -34.0"
eqn_1914,quadratic/eqn_1914,"2.4108, -1.3198"
eqn_1915,quadratic/eqn_1915,"3.0, -9.0"
eqn_1916,quadratic/eqn_1916,"0.5583, -0.3583"
eqn_1917,quadratic/eqn_1917,"-0.7137, -7.2863"
eqn_1918,quadratic/eqn_1918,"-0.3119, -7.8699"
eqn_1919,quadratic/eqn_1919,"-0.8875, -5.4458"
eqn_1920,quadratic/eqn_1920,"-3.0, -5.0"
eqn_1921,quadratic/eqn_1921,"-0.4944, -15.5056"
eqn_1922,quadratic/eqn_1922,"13.0, 17.0"
eqn_1923,quadratic/eqn_1923,"-0.6492, -3.8508"
eqn_1924,quadratic/eqn_1924,"3.1623, -3.1623"
eqn_1925,quadratic/eqn_1925,"-0.25, -0.75"
eqn_1926,quadratic/eqn_1926,"4.0, -19.0"
eqn_1927,quadratic/eqn_1927,"0.1598, -2.3473"
eqn_1928,quadratic/eqn_1928,"1.6828, -2.3144"
eqn_1929,quadratic/eqn_1929,"0.4472, -0.4472"
eqn_1930,quadratic/eqn_1930,"2.098, -2.8038"
eqn_1931,quadratic/eqn_1931,"0.6, -2.0"
eqn_1932,quadratic/eqn_1932,"1.5275, -1.5275"
eqn_1933,quadratic/eqn_1933,"1.886, -2.386"
eqn_1934,quadratic/eqn_1934,"1.18, -1.5646"
eqn_1935,quadratic/eqn_1935,"6.0, 24.0"
eqn_1936,quadratic/eqn_1936,"0.865, -2.24"
eqn_1937,quadratic/eqn_1937,"1.0963, -1.5963"
eqn_1938,quadratic/eqn_1938,"-1.3, -3.0"
eqn_1939,quadratic/eqn_1939,"3.0, -20.0"
eqn_1940,quadratic/eqn_1940,"0.2947, -2.5447"
eqn_1941,quadratic/eqn_1941,"6.0, -19.0"
eqn_1942,quadratic/eqn_1942,"10.0, 4.0"
eqn_1943,quadratic/eqn_1943,"3.0, -6.0"
eqn_1944,quadratic/eqn_1944,"1.9351, -1.8518"
eqn_1945,quadratic/eqn_1945,"18.0, -2.0"
eqn_1946,quadratic/eqn_1946,"1.466, -1.5248"
eqn_1947,quadratic/eqn_1947,"0.7202, -9.7202"
eqn_1948,quadratic/eqn_1948,"12.0, 24.0"
eqn_1949,quadratic/eqn_1949,"-0.3196, -7.6804"
eqn_1950,quadratic/eqn_1950,"1.7294, -3.0151"
eqn_1951,quadratic/eqn_1951,"21.0, 24.0"
eqn_1952,quadratic/eqn_1952,"-0.7887, -11.4113"
eqn_1953,quadratic/eqn_1953,"1.1926, -4.1926"
eqn_1954,quadratic/eqn_1954,"1.0811, -2.0811"
eqn_1955,quadratic/eqn_1955,"22.0, 18.0"
eqn_1956,quadratic/eqn_1956,"4.2061, -2.3061"
eqn_1957,quadratic/eqn_1957,"0.4142, -2.4142"
eqn_1958,quadratic/eqn_1958,"-4.0, -33.0"
eqn_1959,quadratic/eqn_1959,"0.7016, -5.7016"
eqn_1960,quadratic/eqn_1960,"2.966, -1.6503"
eqn_1961,quadratic/eqn_1961,"-0.0542, -6.1458"
eqn_1962,quadratic/eqn_1962,"1.4142, -1.4142"
eqn_1963,quadratic/eqn_1963,"-12.0, 15.0"
eqn_1964,quadratic/eqn_1964,"0.0, -5.0"
eqn_1965,quadratic/eqn_1965,"14.0, -32.0"
eqn_1966,quadratic/eqn_1966,"2.0521, -2.8021"
eqn_1967,quadratic/eqn_1967,"-3.0, 18.0"
eqn_1968,quadratic/eqn_1968,"0.2718, -1.4718"
eqn_1969,quadratic/eqn_1969,"-0.6334, -17.3666"
eqn_1970,quadratic/eqn_1970,"1.0, -0.4"
eqn_1971,quadratic/eqn_1971,"0.3333, -1.5"
eqn_1972,quadratic/eqn_1972,"-0.3984, -9.7266"
eqn_1973,quadratic/eqn_1973,"10.0, -32.0"
eqn_1974,quadratic/eqn_1974,"3.5321, -1.6987"
eqn_1975,quadratic/eqn_1975,"1.4495, -3.4495"
eqn_1976,quadratic/eqn_1976,"21.0, -13.0"
eqn_1977,quadratic/eqn_1977,"22.0, 5.0"
eqn_1978,quadratic/eqn_1978,"-2.2597, -3.5403"
eqn_1979,quadratic/eqn_1979,"1.5719, -2.6719"
eqn_1980,quadratic/eqn_1980,"-0.0971, -30.9029"
eqn_1981,quadratic/eqn_1981,"-0.916, -10.9174"
eqn_1982,quadratic/eqn_1982,"0.7656, -3.2656"
eqn_1983,quadratic/eqn_1983,"-10.0, -30.0"
eqn_1984,quadratic/eqn_1984,"8.0, -1.0"
eqn_1985,quadratic/eqn_1985,"-0.5164, -5.5948"
eqn_1986,quadratic/eqn_1986,"-0.8596, -5.069"
eqn_1987,quadratic/eqn_1987,"-4.0, -17.0"
eqn_1988,quadratic/eqn_1988,"11.0, -4.0"
eqn_1989,quadratic/eqn_1989,"0.75, -3.0"
eqn_1990,quadratic/eqn_1990,"0.6, -2.0"
eqn_1991,quadratic/eqn_1991,"15.0, -3.0"
eqn_1992,quadratic/eqn_1992,"1.5237, -2.7237"
eqn_1993,quadratic/eqn_1993,"-1.0, -1.5"
eqn_1994,quadratic/eqn_1994,"-8.0, 13.0"
eqn_1995,quadratic/eqn_1995,"-0.2447, -7.3553"
eqn_1996,quadratic/eqn_1996,"1.2187, 0.1931"
eqn_1997,quadratic/eqn_1997,"0.5495, -4.5495"
eqn_1998,quadratic/eqn_1998,"-0.8599, -8.1401"
eqn_1999,quadratic/eqn_1999,"-0.3546, -4.5829"
